type,id,name,current_email,backup_timestamp
student,61ff6560-b902-49ff-8bb2-2659a420d939,Abebi Abioye,abebi.abioye@student.fairview-school.ng,20260809_084552
student,07c7a506-f190-4d4c-b7a9-de2369d55305,Abebi Adebanjo,abebi.adebanjo@student.fairview-school.ng,20260809_084552
student,35cdac3f-aa98-4ef2-a5f7-07be67133c61,Abebi Anyanwu,abebi.anyanwu@student.fairview-school.ng,20260809_084552
student,276a8376-3f48-44f5-b92e-47540c7bc0a9,Abebi Bamigboye,abebi.bamigboye@student.fairview-school.ng,20260809_084552
student,926d013b-ea1f-46b2-8b19-90f6b5d1f8a3,Abebi Bello,abebi.bello@student.fairview-school.ng,20260809_084552
student,4904b22d-4f20-448f-b1ae-a73c42bc9b92,Abebi Fasola,abebi.fasola@student.fairview-school.ng,20260809_084552
student,7f344dfa-5fa0-4401-89bd-3a4397e73cc0,Abebi Mohammed,abebi.mohammed@student.fairview-school.ng,20260809_084552
student,1b417b7c-efee-4afb-bbdd-3d6a8a6ecbcf,Abebi Okoro,abebi.okoro@student.fairview-school.ng,20260809_084552
student,6e41641c-6469-4b88-bc57-ce3efdb6714a,Abebi Oladele,abebi.oladele@student.fairview-school.ng,20260809_084552
student,2533dbdb-1137-436c-80d8-bd3187a769ea,Abebi Olagoke,abebi.olagoke@student.fairview-school.ng,20260809_084552
student,f0722a59-9209-49bc-a368-03713285e77e,Abebi Opoku,abebi.opoku@student.fairview-school.ng,20260809_084552
student,37d7a6c2-8d6f-4609-9954-0aa8e1c53aeb,Adekunle Adeyemi,adekunle.adeyemi@student.fairview-school.ng,20260809_084552
student,34430b11-0555-4a09-8048-b6a1ef7db2b1,Adekunle Agbaje,adekunle.agbaje@student.fairview-school.ng,20260809_084552
student,759ad396-5c4a-45ec-a0e1-16ad62da6770,Adekunle Ndiaye,adekunle.ndiaye@student.fairview-school.ng,20260809_084552
student,7777b642-6d15-4254-8aa1-a1c40157fffc,Adekunle Okonkwo,adekunle.okonkwo@student.fairview-school.ng,20260809_084552
student,653edc01-84f3-4e14-b4fc-508293009fb2,Adekunle Okoro,adekunle.okoro@student.fairview-school.ng,20260809_084552
student,96e0369b-8d82-405a-a74f-bda98276989e,Adekunle Olagoke,adekunle.olagoke@student.fairview-school.ng,20260809_084552
student,919530ee-45f7-4a8c-afbf-a0df921c1919,Aida Abioye,aida.abioye@student.fairview-school.ng,20260809_084552
student,bb338168-7356-4899-bed5-fb2e2a430a31,Aida Adebanjo,aida.adebanjo@student.fairview-school.ng,20260809_084552
student,74fc4181-fa48-4d22-8533-6067dba11b81,Aida Bello,aida.bello@student.fairview-school.ng,20260809_084552
student,68cfecb9-c977-45f5-9b5f-f0dfe6a03150,Aida Egbunike,aida.egbunike@student.fairview-school.ng,20260809_084552
student,ec215400-94a2-4390-9583-d7cd716e2afe,Aida Obi,aida.obi@student.fairview-school.ng,20260809_084552
student,f318e61e-0d2f-4424-bf50-ad00d4206ac8,Aida Okafor,aida.okafor@student.fairview-school.ng,20260809_084552
student,e331f1a8-aa83-49b6-bf86-d1a30f7f11f1,Aida Oluwaseun,aida.oluwaseun@student.fairview-school.ng,20260809_084552
student,b95ddfce-8ba0-45a2-b16e-02d3bb08687c,Ayoade Adomako,ayoade.adomako@student.fairview-school.ng,20260809_084552
student,48e4d31e-445b-4e9e-a148-986007eafead,Ayoade Egbunike,ayoade.egbunike@student.fairview-school.ng,20260809_084552
student,85f6085d-d8a4-4e2d-ac9e-10ba2e4c9716,Ayoade Okonkwo,ayoade.okonkwo@student.fairview-school.ng,20260809_084552
student,ed05c37f-d535-45c9-b5e5-74bca154c404,Ayoade Opoku,ayoade.opoku@student.fairview-school.ng,20260809_084552
student,320bd5a4-bc64-4e7c-a2a5-858403a137c7,Ayoade Usman,ayoade.usman@student.fairview-school.ng,20260809_084552
student,8cc48242-5725-4d9a-b86a-3ec5382cdee8,Blessing Adeyemi,blessing.adeyemi@student.fairview-school.ng,20260809_084552
student,803ab6ab-19c5-4af0-b9da-9f72a1a657e0,Blessing Adomako,blessing.adomako@student.fairview-school.ng,20260809_084552
student,093a6f93-c805-446a-9784-d7b759224066,Blessing Bello,blessing.bello@student.fairview-school.ng,20260809_084552
student,d3170b5a-8d78-4d00-911e-979c3de2e010,Blessing Bello,blessing.bello@student.fairview-school.ng,20260809_084552
student,deab97b7-56de-44cf-b8b8-14ddf5817726,Blessing Fasola,blessing.fasola@student.fairview-school.ng,20260809_084552
student,c826c35c-1643-46e5-b0ea-0f9d8863b268,Blessing Hassan,blessing.hassan@student.fairview-school.ng,20260809_084552
student,8eac6a99-8c2e-4f8b-b8f0-b30d5350fc95,Blessing Okoro,blessing.okoro@student.fairview-school.ng,20260809_084552
student,418ebb89-923f-4bf1-a16f-56c38d4b2e17,Blessing Okoro,blessing.okoro@student.fairview-school.ng,20260809_084552
student,2f1d40d6-9cc9-4212-9d2f-9eedf44fb747,Blessing Okoro,blessing.okoro@student.fairview-school.ng,20260809_084552
student,5a0bec61-fe93-4e22-b054-a2830c0f67b1,Blessing Oladele,blessing.oladele@student.fairview-school.ng,20260809_084552
student,4924683e-c460-4195-ab45-a8009cf353ca,Chioma Abioye,chioma.abioye@student.fairview-school.ng,20260809_084552
student,162636e9-fac0-4349-90de-69cfd34f3515,Chioma Adebanjo,chioma.adebanjo@student.fairview-school.ng,20260809_084552
student,636ba11d-a0d6-4927-aeae-ce68fba5cccd,Chioma Anyanwu,chioma.anyanwu@student.fairview-school.ng,20260809_084552
student,299bcd9f-e0fd-49a8-abc6-46e6567ea1a2,Chioma Bamigboye,chioma.bamigboye@student.fairview-school.ng,20260809_084552
student,8cc658fe-3ac0-4409-b917-95857f17c79f,Chioma Egbunike,chioma.egbunike@student.fairview-school.ng,20260809_084552
student,5dd315ab-3418-4040-b761-2408c1345655,Chioma Fasola,chioma.fasola@student.fairview-school.ng,20260809_084552
student,dafe2edf-50a5-4349-a936-95cfbda4ca49,Chioma Obi,chioma.obi@student.fairview-school.ng,20260809_084552
student,63738fdb-fcdc-4480-bef4-68dab4c5c4d8,Chioma Olagoke,chioma.olagoke@student.fairview-school.ng,20260809_084552
student,1e1fdc6e-eda5-42df-8051-7d238c09104d,Chioma Usman,chioma.usman@student.fairview-school.ng,20260809_084552
student,8f82a9d1-07fc-4ebe-8d70-b470974b82fa,Chukwu Adebanjo,chukwu.adebanjo@student.fairview-school.ng,20260809_084552
student,a5427b65-34f0-4ff3-b71c-386a1644ae2f,Chukwu Adeyemi,chukwu.adeyemi@student.fairview-school.ng,20260809_084552
student,ea5339fd-5c85-4f66-bce3-83195949fc12,Chukwu Adeyemi,chukwu.adeyemi@student.fairview-school.ng,20260809_084552
student,891f1c49-2c3d-4312-ae52-097c51069ca1,Chukwu Adeyemi,chukwu.adeyemi@student.fairview-school.ng,20260809_084552
student,28c25a3f-a989-4dd7-ab1d-92df291f6127,Chukwu Asante,chukwu.asante@student.fairview-school.ng,20260809_084552
student,57535dc1-17e1-4ded-aef3-607a4b7679e7,Chukwu Asante,chukwu.asante@student.fairview-school.ng,20260809_084552
student,1d56964b-b0a5-4436-a8eb-0f5b077a294a,Chukwu Fasola,chukwu.fasola@student.fairview-school.ng,20260809_084552
student,7f5685ea-74d2-4f4b-aff4-3422dcf6ec47,Chukwu Hassan,chukwu.hassan@student.fairview-school.ng,20260809_084552
student,f6f675e3-4c42-4261-82d6-4783e3a7f661,Chukwu Hassan,chukwu.hassan@student.fairview-school.ng,20260809_084552
student,3c0867e5-0688-4892-aeaa-812a9245e678,Chukwu Oladele,chukwu.oladele@student.fairview-school.ng,20260809_084552
student,7bb069fa-f76c-4692-90ab-a7f3a27834b3,Chukwu Oladele,chukwu.oladele@student.fairview-school.ng,20260809_084552
student,41845ebc-45f9-4b18-874f-d5bf728a4588,Chukwu Usman,chukwu.usman@student.fairview-school.ng,20260809_084552
student,15a93b23-6d2b-4bea-9430-55d1c32c80c4,David Adebanjo,david.adebanjo@student.fairview-school.ng,20260809_084552
student,d290eb02-5b47-4aab-b4e1-18f30dea70c1,David Adebanjo,david.adebanjo@student.fairview-school.ng,20260809_084552
student,ddfbf2d9-b8d9-4e67-875e-d346f17d8a22,David Adebanjo,david.adebanjo@student.fairview-school.ng,20260809_084552
student,c32887cf-3c96-402b-9ace-6e6afb4541cb,David Adomako,david.adomako@student.fairview-school.ng,20260809_084552
student,53933b89-d71b-414a-9539-c9b00f4bbbff,David Adomako,david.adomako@student.fairview-school.ng,20260809_084552
student,53639c1f-cdf3-48bc-9331-8ac7e363155c,David Ahmed,david.ahmed@student.fairview-school.ng,20260809_084552
student,f6f9a1de-5798-4391-9f2e-8f1b21806d6c,David Anyanwu,david.anyanwu@student.fairview-school.ng,20260809_084552
student,c241f18c-9f57-4b31-9e87-eb58a73a312e,David Anyanwu,david.anyanwu@student.fairview-school.ng,20260809_084552
student,8970daf6-d4e8-4bbc-af3f-2c3b4816de44,David Dada,david.dada@student.fairview-school.ng,20260809_084552
student,83615dc6-72dd-4326-b135-850e130b65cf,David Egbunike,david.egbunike@student.fairview-school.ng,20260809_084552
student,1c7db88e-a300-4300-af16-11ec139a9980,David Okafor,david.okafor@student.fairview-school.ng,20260809_084552
student,1993eefa-4592-4fdb-9187-10e08ea54754,David Okafor,david.okafor@student.fairview-school.ng,20260809_084552
student,038e4def-d3c2-4c2d-8c6f-c4f732d8b181,David Okonkwo,david.okonkwo@student.fairview-school.ng,20260809_084552
student,ed9e7924-33c1-4166-8412-9599a409a8d1,David Okoro,david.okoro@student.fairview-school.ng,20260809_084552
student,37294948-0ec7-41a0-b299-57ce58e7df74,David Okoro,david.okoro@student.fairview-school.ng,20260809_084552
student,b0149399-93c8-4e7f-a47e-c7a0a130fb36,David Usman,david.usman@student.fairview-school.ng,20260809_084552
student,696522f9-ab6b-4590-a891-5ef5f71e68d4,Diana Asante,diana.asante@student.fairview-school.ng,20260809_084552
student,3c8e5f45-d4df-4cd3-ab3d-c01bbe4ab58e,Diana Fasola,diana.fasola@student.fairview-school.ng,20260809_084552
student,0b71b253-cba6-4952-a66a-7632f9ef49c4,Diana Mensah,diana.mensah@student.fairview-school.ng,20260809_084552
student,210f72a6-e3b7-44a0-892f-0ca1f035ed5c,Diana Mensah,diana.mensah@student.fairview-school.ng,20260809_084552
student,31dbf296-c44a-4db0-a918-d726833f9a88,Diana Obi,diana.obi@student.fairview-school.ng,20260809_084552
student,e37b23af-d450-4315-97f1-6dcebdffeab1,Diana Obi,diana.obi@student.fairview-school.ng,20260809_084552
student,21f345a3-bfd4-4ea1-8666-95d6f0fce852,Diana Okoro,diana.okoro@student.fairview-school.ng,20260809_084552
student,7eb7f12e-9f34-448d-8bc6-cc87b21ba152,Diana Oladele,diana.oladele@student.fairview-school.ng,20260809_084552
student,c5fba541-867c-4a41-a0ad-8bdbaf4d2929,Emeka Asante,emeka.asante@student.fairview-school.ng,20260809_084552
student,857aa691-8cad-4b20-89d4-27cfb73796fd,Emeka Bamigboye,emeka.bamigboye@student.fairview-school.ng,20260809_084552
student,acda66f9-557d-4b9a-a341-b1bb04ef595f,Emeka Fasola,emeka.fasola@student.fairview-school.ng,20260809_084552
student,8c57c2a0-d2b4-478a-bb79-494ef4cab7d1,Emeka Mensah,emeka.mensah@student.fairview-school.ng,20260809_084552
student,931a8c9f-c273-4086-80e9-ab02a03a5df2,Emeka Obi,emeka.obi@student.fairview-school.ng,20260809_084552
student,627944c5-49d7-457b-bd96-aa91c8b09f93,Emeka Okafor,emeka.okafor@student.fairview-school.ng,20260809_084552
student,3460be2c-2626-46ba-b8fc-a012866bf1fc,Emeka Okonkwo,emeka.okonkwo@student.fairview-school.ng,20260809_084552
student,9cdd8a87-c4af-4b67-9ff7-1e7861a96e0a,Emeka Okonkwo,emeka.okonkwo@student.fairview-school.ng,20260809_084552
student,839b2f9f-66e2-4744-a708-2d46239b6c5d,Emeka Oladele,emeka.oladele@student.fairview-school.ng,20260809_084552
student,13a649ac-4fd4-4028-a331-32cfb3f4bbf2,Emeka Olagoke,emeka.olagoke@student.fairview-school.ng,20260809_084552
student,c114b39a-e659-49c1-81d7-3251b96e099f,Emeka Oluwaseun,emeka.oluwaseun@student.fairview-school.ng,20260809_084552
student,70e56983-13c5-44af-ad77-0019c7b798bc,Emeka Opoku,emeka.opoku@student.fairview-school.ng,20260809_084552
student,dcdb27be-6162-4f5a-b723-f77791263453,Emeka Usman,emeka.usman@student.fairview-school.ng,20260809_084552
student,a946777d-254c-4677-a8e1-f651e9619762,Esther Adebanjo,esther.adebanjo@student.fairview-school.ng,20260809_084552
student,7570669b-9709-4496-8342-d28a081d55b9,Esther Adebanjo,esther.adebanjo@student.fairview-school.ng,20260809_084552
student,4f3858bc-4fa6-4b7a-87eb-b38493eb2ad7,Esther Asante,esther.asante@student.fairview-school.ng,20260809_084552
student,3e839246-f136-4e95-bb9a-37268dbaa59f,Esther Asante,esther.asante@student.fairview-school.ng,20260809_084552
student,29e5130b-9076-4b5e-9cda-423abc7cd155,Esther Dada,esther.dada@student.fairview-school.ng,20260809_084552
student,3a610888-fabc-4dbd-84e4-cedab3b60b6c,Esther Okafor,esther.okafor@student.fairview-school.ng,20260809_084552
student,d76e103c-59bc-4eac-94cb-bdfb533b94d5,Esther Oladele,esther.oladele@student.fairview-school.ng,20260809_084552
student,0c298afd-a4d7-4bbc-8f06-b4087887f9a2,Femi Abioye,femi.abioye@student.fairview-school.ng,20260809_084552
student,85b8bef3-c54d-46cf-afd3-90137aaee50b,Femi Adebanjo,femi.adebanjo@student.fairview-school.ng,20260809_084552
student,4a3d5b21-52c3-4246-9d21-0499fb4f81a8,Femi Ahmed,femi.ahmed@student.fairview-school.ng,20260809_084552
student,327c5fba-4f95-4374-949b-50cf269b1f6c,Femi Anyanwu,femi.anyanwu@student.fairview-school.ng,20260809_084552
student,0b3d9cd7-29e4-4990-b8a7-066c058837ab,Femi Bamigboye,femi.bamigboye@student.fairview-school.ng,20260809_084552
student,12112070-1f26-49e6-8b54-ae0f9c87b5cb,Femi Egbunike,femi.egbunike@student.fairview-school.ng,20260809_084552
student,5bd72d60-bf50-410a-ab58-0f4f78a95f74,Femi Fasola,femi.fasola@student.fairview-school.ng,20260809_084552
student,903c9b34-4df5-468a-b078-f6631fa69962,Femi Ibrahim,femi.ibrahim@student.fairview-school.ng,20260809_084552
student,6c1391ef-ba84-4c5e-bcbd-5caccba608ae,Femi Mensah,femi.mensah@student.fairview-school.ng,20260809_084552
student,02b2a448-73ef-4154-aeed-80aa9aa95e6f,Femi Mohammed,femi.mohammed@student.fairview-school.ng,20260809_084552
student,08b89269-2a88-48a6-8d6c-6f8cd1ce1328,Femi Obi,femi.obi@student.fairview-school.ng,20260809_084552
student,c1c0b48e-7e6b-41b0-b42e-87b661bcf3d0,Femi Okafor,femi.okafor@student.fairview-school.ng,20260809_084552
student,c939e4a9-235f-4bcc-b2e3-b72ab4129e83,Femi Okonkwo,femi.okonkwo@student.fairview-school.ng,20260809_084552
student,e17119b5-1697-41a5-b25e-6518f794dcd0,Femi Usman,femi.usman@student.fairview-school.ng,20260809_084552
student,961a3dde-5f63-4ccd-a94e-e1291a4e12e7,Folake Abioye,folake.abioye@student.fairview-school.ng,20260809_084552
student,1c4ff5a7-285e-43c3-9c8f-8b9b76be4c6c,Folake Dada,folake.dada@student.fairview-school.ng,20260809_084552
student,066ec4cc-a49f-4f74-8ed9-3b9584fbb2c4,Folake Hassan,folake.hassan@student.fairview-school.ng,20260809_084552
student,dced69cc-43de-43bf-b4c7-9a6d77c63ad3,Folake Obi,folake.obi@student.fairview-school.ng,20260809_084552
student,46763075-e6ca-4ac8-8a87-327a95e4225d,Folake Oladele,folake.oladele@student.fairview-school.ng,20260809_084552
student,cedb59cb-fd6c-41f7-b17b-5c628e08e5c1,Godwin Adebanjo,godwin.adebanjo@student.fairview-school.ng,20260809_084552
student,ffc7bd0d-0c06-47b4-98f9-a1645dab2e1f,Godwin Adebanjo,godwin.adebanjo@student.fairview-school.ng,20260809_084552
student,b4aff694-d0a9-42f4-963e-c944abb3a569,Godwin Adebanjo,godwin.adebanjo@student.fairview-school.ng,20260809_084552
student,7155ba1c-bd76-4aef-93da-bc5b27525554,Godwin Agbaje,godwin.agbaje@student.fairview-school.ng,20260809_084552
student,171b227e-22ed-43d5-9992-09cbe2a85b3d,Godwin Ahmed,godwin.ahmed@student.fairview-school.ng,20260809_084552
student,776dda79-8dc0-4264-89a1-b9dcb13758f2,Godwin Anyanwu,godwin.anyanwu@student.fairview-school.ng,20260809_084552
student,79247894-2b57-45cc-8317-17397fcd9545,Godwin Bamigboye,godwin.bamigboye@student.fairview-school.ng,20260809_084552
student,3892bdd9-badd-43c3-be83-6211d919c674,Godwin Bamigboye,godwin.bamigboye@student.fairview-school.ng,20260809_084552
student,9ec60098-c9ad-4d4a-b370-3c8f6490cbd0,Godwin Egbunike,godwin.egbunike@student.fairview-school.ng,20260809_084552
student,efc6870b-511a-411e-b783-cb24d3d695d2,Godwin Fasola,godwin.fasola@student.fairview-school.ng,20260809_084552
student,73b80dce-1d43-4de3-a2e7-9ecb18bcd14d,Godwin Mohammed,godwin.mohammed@student.fairview-school.ng,20260809_084552
student,0055cf31-066a-4dfb-8036-e04dedc86af1,Godwin Obi,godwin.obi@student.fairview-school.ng,20260809_084552
student,d761f876-245c-492b-935f-ed41879c7387,Godwin Oladele,godwin.oladele@student.fairview-school.ng,20260809_084552
student,33152a44-41df-4d50-b310-5cbcc64b0548,Godwin Olagoke,godwin.olagoke@student.fairview-school.ng,20260809_084552
student,50f8d27b-c417-4dbe-bcdf-c6da17d77e3a,Godwin Oluwaseun,godwin.oluwaseun@student.fairview-school.ng,20260809_084552
student,6cd6bb37-e7a9-454b-9f12-4ac046307ce8,Godwin Opoku,godwin.opoku@student.fairview-school.ng,20260809_084552
student,1f99e714-1308-48d3-95bb-dca4526df58b,Godwin Usman,godwin.usman@student.fairview-school.ng,20260809_084552
student,c218d85b-bff1-4917-b111-94a0195f28a0,Godwin Usman,godwin.usman@student.fairview-school.ng,20260809_084552
student,47734403-1659-4352-9aad-27d3676f421f,Grace Adebanjo,grace.adebanjo@student.fairview-school.ng,20260809_084552
student,8d1b0fff-dd3e-4b09-8d4f-25b81534b87b,Grace Adomako,grace.adomako@student.fairview-school.ng,20260809_084552
student,e9b41576-15fb-4946-8934-fb692c7b467a,Grace Ahmed,grace.ahmed@student.fairview-school.ng,20260809_084552
student,c65d7284-4dea-4f08-87fc-14b82867cdfc,Grace Ahmed,grace.ahmed@student.fairview-school.ng,20260809_084552
student,315d01a4-c5f9-4857-a764-86525608807a,Grace Bamigboye,grace.bamigboye@student.fairview-school.ng,20260809_084552
student,56d181fa-1033-4bf4-99c3-14823ccd98c2,Grace Bamigboye,grace.bamigboye@student.fairview-school.ng,20260809_084552
student,d0b8cd6a-3404-46d5-96f4-ffc75a7836c4,Grace Bamigboye,grace.bamigboye@student.fairview-school.ng,20260809_084552
student,831b3ca1-0cad-4c7c-8add-5861b58f4c4e,Grace Bello,grace.bello@student.fairview-school.ng,20260809_084552
student,a2044d2c-6238-41bb-a0a2-2db33386f76d,Grace Fasola,grace.fasola@student.fairview-school.ng,20260809_084552
student,ca7f9919-25aa-4516-8b7b-be9056ac4a30,Grace Hassan,grace.hassan@student.fairview-school.ng,20260809_084552
student,7921292b-5e93-4f41-8591-772969c2f86a,Grace Mensah,grace.mensah@student.fairview-school.ng,20260809_084552
student,639ca9fe-d2c0-41ec-aac2-2316ecb4647a,Grace Mohammed,grace.mohammed@student.fairview-school.ng,20260809_084552
student,917b21d1-d8e1-4740-9e6b-0c98d6f7e40b,Grace Okonkwo,grace.okonkwo@student.fairview-school.ng,20260809_084552
student,843831a5-15e8-4457-9e92-fa8a3989ee8a,Grace Oladele,grace.oladele@student.fairview-school.ng,20260809_084552
student,e077c8a8-f474-4c08-890b-5006d04a0d03,Grace Opoku,grace.opoku@student.fairview-school.ng,20260809_084552
student,79e234dc-84ce-4940-bdae-924d15efff7f,Grace Opoku,grace.opoku@student.fairview-school.ng,20260809_084552
student,4b6cd46b-2388-4d92-8568-52ef1e0e6a80,Grace Usman,grace.usman@student.fairview-school.ng,20260809_084552
student,bd277620-5b1d-484a-8029-78cdd9b105ad,Hannah Anyanwu,hannah.anyanwu@student.fairview-school.ng,20260809_084552
student,ab116a5c-d22f-46f0-b1a3-dbe031395e4e,Hannah Ndiaye,hannah.ndiaye@student.fairview-school.ng,20260809_084552
student,44c9016e-7a74-48f1-9e47-98bc1214ea6a,Hannah Okonkwo,hannah.okonkwo@student.fairview-school.ng,20260809_084552
student,915ed0e5-8754-4d86-9f81-72c81162fee2,Ibrahim Adebanjo,ibrahim.adebanjo@student.fairview-school.ng,20260809_084552
student,07224cfd-479d-4065-ae54-56d160f69245,Ibrahim Adomako,ibrahim.adomako@student.fairview-school.ng,20260809_084552
student,84c62e59-ff2b-443b-bb17-3236dd5712ae,Ibrahim Ahmed,ibrahim.ahmed@student.fairview-school.ng,20260809_084552
student,87d0f253-8b44-4344-bb67-e85c6a6d3270,Ibrahim Egbunike,ibrahim.egbunike@student.fairview-school.ng,20260809_084552
student,6c5bb086-d870-48f1-b88b-91780bcde4e4,Ibrahim Egbunike,ibrahim.egbunike@student.fairview-school.ng,20260809_084552
student,dd39825d-a26c-4055-9aac-6fa1f1bd4e2a,Ibrahim Mohammed,ibrahim.mohammed@student.fairview-school.ng,20260809_084552
student,240152c2-3def-4fdc-920d-95375ad98994,Ibrahim Okonkwo,ibrahim.okonkwo@student.fairview-school.ng,20260809_084552
student,892c8a17-bb0a-41eb-87c1-98ec5d7ee505,Ibrahim Okoro,ibrahim.okoro@student.fairview-school.ng,20260809_084552
student,f99d66b4-8b1a-4fe2-9138-94d8e736011c,Ibrahim Oladele,ibrahim.oladele@student.fairview-school.ng,20260809_084552
student,285e3432-afca-42a5-8467-acbbe45a23f7,Ibrahim Oluwaseun,ibrahim.oluwaseun@student.fairview-school.ng,20260809_084552
student,980aa327-a48c-4c11-9e63-2d033bf1c96b,Ibrahim Usman,ibrahim.usman@student.fairview-school.ng,20260809_084552
student,b921e548-ee0d-4871-be9c-c61ea3d56b24,Ifeoma Adomako,ifeoma.adomako@student.fairview-school.ng,20260809_084552
student,25e3e6ea-1299-4bb0-be86-97045f80b412,Ifeoma Agbaje,ifeoma.agbaje@student.fairview-school.ng,20260809_084552
student,7118c3b7-0e88-485d-86a1-21fc86992e4c,Ifeoma Asante,ifeoma.asante@student.fairview-school.ng,20260809_084552
student,93fba085-f6ac-4209-a7e6-d87093f73701,Ifeoma Asante,ifeoma.asante@student.fairview-school.ng,20260809_084552
student,97bb8be7-fedd-4c70-93a4-dbc2ed6a9915,Ifeoma Dada,ifeoma.dada@student.fairview-school.ng,20260809_084552
student,b5d38c1d-f32c-44d0-8a6d-bf3c648fdb6e,Ifeoma Egbunike,ifeoma.egbunike@student.fairview-school.ng,20260809_084552
student,2639eb86-9663-4eb2-883c-af525a1b2fc2,Ifeoma Hassan,ifeoma.hassan@student.fairview-school.ng,20260809_084552
student,f448c74a-4c18-4d70-b0df-dbf8102ab2a8,Ifeoma Ibrahim,ifeoma.ibrahim@student.fairview-school.ng,20260809_084552
student,786be587-600c-484c-ad3f-4d2f7fefea23,Ifeoma Mohammed,ifeoma.mohammed@student.fairview-school.ng,20260809_084552
student,6c6f33b4-77b0-4b43-bc51-d024e230d668,Ifeoma Mohammed,ifeoma.mohammed@student.fairview-school.ng,20260809_084552
student,889bbd5c-f456-42e3-abfb-fbf5278d442c,Ifeoma Obi,ifeoma.obi@student.fairview-school.ng,20260809_084552
student,b60519be-d9a5-43e6-906f-630a0fc40387,Ifeoma Olagoke,ifeoma.olagoke@student.fairview-school.ng,20260809_084552
student,de3a217a-00eb-4117-b632-690a73b887d3,Ifeoma Olagoke,ifeoma.olagoke@student.fairview-school.ng,20260809_084552
student,ef2d25b2-5ebb-41ae-a637-e3c43654e407,Ifeoma Usman,ifeoma.usman@student.fairview-school.ng,20260809_084552
student,c5ee3a59-0bbe-4ba0-b404-cfdc3da0271c,Jamal Adeyemi,jamal.adeyemi@student.fairview-school.ng,20260809_084552
student,ee8702c0-eb80-4878-9164-18d7a4751767,Jamal Agbaje,jamal.agbaje@student.fairview-school.ng,20260809_084552
student,ed949881-b800-4b8d-a0c2-ef0386a8d384,Jamal Ahmed,jamal.ahmed@student.fairview-school.ng,20260809_084552
student,8d1851d3-b893-4485-93d2-30975ea62fcd,Jamal Ahmed,jamal.ahmed@student.fairview-school.ng,20260809_084552
student,5776d509-b6ec-4e8e-9384-c7ecbaf6389c,Jamal Mensah,jamal.mensah@student.fairview-school.ng,20260809_084552
student,fad28221-5f9e-4fc5-9cdd-f8a4e573bdf6,Jamal Mohammed,jamal.mohammed@student.fairview-school.ng,20260809_084552
student,65d783fe-19dc-4b1b-965e-76224676905b,Jamal Mohammed,jamal.mohammed@student.fairview-school.ng,20260809_084552
student,2300a28b-1e7b-4279-adc5-71504b19a671,Jamal Okafor,jamal.okafor@student.fairview-school.ng,20260809_084552
student,437b2f37-13a9-46e8-bac8-258e1bf1900c,Jamal Olagoke,jamal.olagoke@student.fairview-school.ng,20260809_084552
student,c5d544cd-6bf1-4123-bfed-de14d44c6fc3,Jamal Opoku,jamal.opoku@student.fairview-school.ng,20260809_084552
student,b7d6ff3c-1f4f-464f-8dbc-a84ff3c6e717,Jumoke Adebanjo,jumoke.adebanjo@student.fairview-school.ng,20260809_084552
student,bd68ff4d-bcdf-455a-b984-14e5052f692b,Jumoke Agbaje,jumoke.agbaje@student.fairview-school.ng,20260809_084552
student,55f0a4ad-adce-403e-82c7-7ec5831273fc,Jumoke Anyanwu,jumoke.anyanwu@student.fairview-school.ng,20260809_084552
student,a8a6cc01-cbbd-4f3c-9d74-3696852377d3,Jumoke Asante,jumoke.asante@student.fairview-school.ng,20260809_084552
student,0a3b05b7-4f70-4747-8350-21ae6d3a8a4f,Jumoke Asante,jumoke.asante@student.fairview-school.ng,20260809_084552
student,d9a4748d-ce76-4a1a-936b-eb70cb823b9a,Jumoke Hassan,jumoke.hassan@student.fairview-school.ng,20260809_084552
student,a597104d-212f-4765-990b-d5daaf4d212b,Jumoke Okoro,jumoke.okoro@student.fairview-school.ng,20260809_084552
student,d76d0b83-bb52-496b-9807-5f03597d2076,Kamara Adebanjo,kamara.adebanjo@student.fairview-school.ng,20260809_084552
student,4ad7ab1a-1a1e-4139-b4a6-448086f8529c,Kamara Adebanjo,kamara.adebanjo@student.fairview-school.ng,20260809_084552
student,1f89b460-3c08-4887-aaa2-4b77803a7377,Kamara Adeyemi,kamara.adeyemi@student.fairview-school.ng,20260809_084552
student,cd36c413-007a-4532-aca3-3837f581c7ca,Kamara Adomako,kamara.adomako@student.fairview-school.ng,20260809_084552
student,7a02c0ae-e8f6-46fa-881b-a351c0d4a21f,Kamara Adomako,kamara.adomako@student.fairview-school.ng,20260809_084552
student,1042546c-f3e3-4aba-b55f-0ae7989525d3,Kamara Asante,kamara.asante@student.fairview-school.ng,20260809_084552
student,e30ba2be-95be-4635-b17e-9cda1bb6770d,Kamara Bamigboye,kamara.bamigboye@student.fairview-school.ng,20260809_084552
student,dcc8ec5f-9484-4190-b1ac-01845a07601e,Kamara Egbunike,kamara.egbunike@student.fairview-school.ng,20260809_084552
student,5d643fed-4e90-4d22-a9c7-5805a1eb19d0,Kamara Egbunike,kamara.egbunike@student.fairview-school.ng,20260809_084552
student,ee26176b-0194-47d8-a65a-ab3f74e86bc2,Kamara Fasola,kamara.fasola@student.fairview-school.ng,20260809_084552
student,d68dfada-8ee4-465f-a200-b8807fd6efdd,Kamara Hassan,kamara.hassan@student.fairview-school.ng,20260809_084552
student,189176e3-0b6a-4fee-8a1a-992c7cd4c4ef,Kamara Okafor,kamara.okafor@student.fairview-school.ng,20260809_084552
student,15cfa90b-4b28-4f5d-a075-b5638477bbc3,Kamara Oladele,kamara.oladele@student.fairview-school.ng,20260809_084552
student,7d7c1cca-d7b2-4ae5-8838-297faf9395a5,Kamara Usman,kamara.usman@student.fairview-school.ng,20260809_084552
student,f9565945-2510-49e6-bdb3-965297db45cf,Kamila Agbaje,kamila.agbaje@student.fairview-school.ng,20260809_084552
student,9c5dcc3c-46ed-438e-a439-95c679cdbfdd,Kamila Ahmed,kamila.ahmed@student.fairview-school.ng,20260809_084552
student,faa8b9d3-716f-4983-9f0f-b61e0f829dd2,Kamila Anyanwu,kamila.anyanwu@student.fairview-school.ng,20260809_084552
student,3bae0d23-efd7-414d-8dbe-ca9a4039e0e3,Kamila Asante,kamila.asante@student.fairview-school.ng,20260809_084552
student,dc7f4dd2-d951-4180-8bd9-7bd77182869d,Kamila Bamigboye,kamila.bamigboye@student.fairview-school.ng,20260809_084552
student,7afcb0b5-0750-44e1-98ee-0fbe4abff85e,Kamila Egbunike,kamila.egbunike@student.fairview-school.ng,20260809_084552
student,2906a3de-4013-4f01-bd5a-044b561852c0,Kamila Egbunike,kamila.egbunike@student.fairview-school.ng,20260809_084552
student,9f91329e-85b1-4938-8f8e-8e20e5389114,Kamila Fasola,kamila.fasola@student.fairview-school.ng,20260809_084552
student,8ace37c5-c651-4655-8213-d515c7e1175c,Kamila Mensah,kamila.mensah@student.fairview-school.ng,20260809_084552
student,91d3ee39-86da-46e7-9ebd-75821083a415,Kamila Mensah,kamila.mensah@student.fairview-school.ng,20260809_084552
student,fa746f6f-1a60-450d-9c46-fdc22b5603fd,Kamila Mohammed,kamila.mohammed@student.fairview-school.ng,20260809_084552
student,86c956ab-161c-429f-bb05-598df042e114,Kamila Ndiaye,kamila.ndiaye@student.fairview-school.ng,20260809_084552
student,05768749-9a07-4d7e-89ed-bc4888e58262,Kamila Olagoke,kamila.olagoke@student.fairview-school.ng,20260809_084552
student,1cdeaf88-cb8d-42cb-a498-c4661ed64931,Kamila Olagoke,kamila.olagoke@student.fairview-school.ng,20260809_084552
student,f4ef32cc-0c3e-41b6-bc0e-c2b759c06602,Kamila Opoku,kamila.opoku@student.fairview-school.ng,20260809_084552
student,c69ebd66-e91c-40ac-8508-f3f345917553,Kamila Usman,kamila.usman@student.fairview-school.ng,20260809_084552
student,4ae807b4-5dbd-451e-9aa8-2b400b5cf8f3,Lola Agbaje,lola.agbaje@student.fairview-school.ng,20260809_084552
student,fa4a0510-b2d7-4e0c-a5ee-449d3b5c104b,Lola Agbaje,lola.agbaje@student.fairview-school.ng,20260809_084552
student,7625d9db-31bf-415d-9df1-d4f2adab2b2e,Lola Ahmed,lola.ahmed@student.fairview-school.ng,20260809_084552
student,682d4b05-6abe-4044-a8ce-561db34a77d5,Lola Ahmed,lola.ahmed@student.fairview-school.ng,20260809_084552
student,98574b78-f0d1-470a-b58c-c532ccb927b3,Lola Asante,lola.asante@student.fairview-school.ng,20260809_084552
student,95ec2586-138c-4821-9f69-c88df6d4e7af,Lola Bello,lola.bello@student.fairview-school.ng,20260809_084552
student,d117fbd6-ea9e-4b06-9529-d4158a5e7318,Lola Egbunike,lola.egbunike@student.fairview-school.ng,20260809_084552
student,0d1c1087-c953-4939-b7a5-37949531bba0,Lola Ibrahim,lola.ibrahim@student.fairview-school.ng,20260809_084552
student,a148caa7-81fc-4da8-96a7-e80325b80dee,Lola Mohammed,lola.mohammed@student.fairview-school.ng,20260809_084552
student,f18a7fce-831a-40ac-9d31-5c622fd3709c,Lola Ndiaye,lola.ndiaye@student.fairview-school.ng,20260809_084552
student,79c15268-d0e9-45b7-b75b-412578fb90c8,Lola Okoro,lola.okoro@student.fairview-school.ng,20260809_084552
student,51c35dbe-2d32-48da-91c4-d76cdda01209,Lola Olagoke,lola.olagoke@student.fairview-school.ng,20260809_084552
student,84ee0244-0db5-4776-b84e-aad13c61dab0,Lola Olagoke,lola.olagoke@student.fairview-school.ng,20260809_084552
student,ee6d812e-2991-4374-b30d-73ddf3c0f151,Lola Oluwaseun,lola.oluwaseun@student.fairview-school.ng,20260809_084552
student,6dbc8486-d100-474d-ba14-d9a66e563b4b,Luthando Adebanjo,luthando.adebanjo@student.fairview-school.ng,20260809_084552
student,4b348da2-f089-4da2-9b95-3de8776387a8,Luthando Adeyemi,luthando.adeyemi@student.fairview-school.ng,20260809_084552
student,1acb86c1-34e9-497e-b908-3725d2228287,Luthando Adomako,luthando.adomako@student.fairview-school.ng,20260809_084552
student,e244dfb6-1d90-4b6b-82f8-69d6d6885b7d,Luthando Agbaje,luthando.agbaje@student.fairview-school.ng,20260809_084552
student,8a964339-7eb7-416b-b811-900197f577dd,Luthando Fasola,luthando.fasola@student.fairview-school.ng,20260809_084552
student,138dd71a-e680-4e6f-9252-d138e72ad660,Mercy Agbaje,mercy.agbaje@student.fairview-school.ng,20260809_084552
student,d634c0bd-c47d-478f-9a6b-d949d784e78c,Mercy Egbunike,mercy.egbunike@student.fairview-school.ng,20260809_084552
student,846cf501-3375-42d1-8a8b-3ab791f26308,Mercy Fasola,mercy.fasola@student.fairview-school.ng,20260809_084552
student,05ab516d-17a0-4cb4-b3d8-b42c2af8e802,Mercy Mohammed,mercy.mohammed@student.fairview-school.ng,20260809_084552
student,f8f6a1ed-86e9-4a2f-8327-40c8aa09088b,Mercy Okonkwo,mercy.okonkwo@student.fairview-school.ng,20260809_084552
student,895bc03c-0856-4a01-97d8-17a73814f297,Mercy Oluwaseun,mercy.oluwaseun@student.fairview-school.ng,20260809_084552
student,bf07bd5a-ccd8-457b-bbe5-d2107792f199,Mercy Usman,mercy.usman@student.fairview-school.ng,20260809_084552
student,469a156f-4b40-4a66-83fb-ddc7270b61c8,Musa Abioye,musa.abioye@student.fairview-school.ng,20260809_084552
student,0762b162-c2ae-490e-844d-e42d0802454b,Musa Abioye,musa.abioye@student.fairview-school.ng,20260809_084552
student,1352b95e-bd65-48db-a69d-69ae2492a54b,Musa Adeyemi,musa.adeyemi@student.fairview-school.ng,20260809_084552
student,2e7e7863-f7d5-4dba-b2ca-96998443e3d3,Musa Ahmed,musa.ahmed@student.fairview-school.ng,20260809_084552
student,e8db9803-a9f0-4495-802b-0c34974bfbf7,Musa Ahmed,musa.ahmed@student.fairview-school.ng,20260809_084552
student,68c5e26a-61fc-4385-a54b-0d928a9e58f0,Musa Ahmed,musa.ahmed@student.fairview-school.ng,20260809_084552
student,5d165420-f882-4aae-a2a0-308d96ca9621,Musa Bamigboye,musa.bamigboye@student.fairview-school.ng,20260809_084552
student,b9715b1a-6b1b-44df-adec-017c922da985,Musa Oladele,musa.oladele@student.fairview-school.ng,20260809_084552
student,d3e4df25-45c9-428d-ad50-048f0c89ccff,Nkiru Abioye,nkiru.abioye@student.fairview-school.ng,20260809_084552
student,b39fef6d-c823-4798-8803-8a87cbe2db9a,Nkiru Adeyemi,nkiru.adeyemi@student.fairview-school.ng,20260809_084552
student,a6870b3d-88e7-41a5-9953-3c454de1b4e6,Nkiru Anyanwu,nkiru.anyanwu@student.fairview-school.ng,20260809_084552
student,44a725e0-d84f-4bdc-aa1c-ab68769d4a3c,Nkiru Dada,nkiru.dada@student.fairview-school.ng,20260809_084552
student,e46e7602-0441-40fd-b31d-52d65b266fc0,Nkiru Egbunike,nkiru.egbunike@student.fairview-school.ng,20260809_084552
student,53b76b14-ba0c-4483-863a-629f0478452c,Nkiru Fasola,nkiru.fasola@student.fairview-school.ng,20260809_084552
student,f4ee1d8e-1e04-494f-861f-95931f888625,Nkiru Ibrahim,nkiru.ibrahim@student.fairview-school.ng,20260809_084552
student,64772708-c2ff-413d-9155-1b111d491a77,Nkiru Ndiaye,nkiru.ndiaye@student.fairview-school.ng,20260809_084552
student,695673f0-ef34-4338-a151-cb6ae12d671a,Nkiru Obi,nkiru.obi@student.fairview-school.ng,20260809_084552
student,08a7fcdd-0073-4f6f-9af0-f72000ecfef5,Nkiru Okonkwo,nkiru.okonkwo@student.fairview-school.ng,20260809_084552
student,7896b8f5-f664-4efd-9122-2c5a81d97564,Nkiru Olagoke,nkiru.olagoke@student.fairview-school.ng,20260809_084552
student,c6bebbba-a480-4b83-98df-b774f9db4870,Nkiru Usman,nkiru.usman@student.fairview-school.ng,20260809_084552
student,1afc1c08-deed-49e1-9a1e-e1d0a0d5f808,Nonso Adeyemi,nonso.adeyemi@student.fairview-school.ng,20260809_084552
student,da6305ea-f539-4ad3-b994-1a9ccb229b14,Nonso Adomako,nonso.adomako@student.fairview-school.ng,20260809_084552
student,1e68d1a4-a359-4dd6-a557-3399e6ebce01,Nonso Adomako,nonso.adomako@student.fairview-school.ng,20260809_084552
student,55d04740-2f04-452a-8cc4-7ef7bd36a8db,Nonso Anyanwu,nonso.anyanwu@student.fairview-school.ng,20260809_084552
student,e127dabb-38ed-4923-a1ff-d9860eede24c,Nonso Asante,nonso.asante@student.fairview-school.ng,20260809_084552
student,731f375f-0253-4397-b9f1-ad8d05109273,Nonso Egbunike,nonso.egbunike@student.fairview-school.ng,20260809_084552
student,cebfda46-a2c1-4412-a2f6-4db510dfc0e9,Nonso Fasola,nonso.fasola@student.fairview-school.ng,20260809_084552
student,83e392ba-e34d-47e9-93ad-dbfa2ccddff4,Nonso Hassan,nonso.hassan@student.fairview-school.ng,20260809_084552
student,3b93899f-f46e-445b-b44f-df6ebe231762,Nonso Hassan,nonso.hassan@student.fairview-school.ng,20260809_084552
student,ded0863c-c8a2-47e7-97b5-d2c9dc8491d6,Nonso Mohammed,nonso.mohammed@student.fairview-school.ng,20260809_084552
student,97b292c0-c5bc-4123-a75c-64a15cd96edf,Nonso Ndiaye,nonso.ndiaye@student.fairview-school.ng,20260809_084552
student,78bbab26-c137-4867-899a-41094552b9e0,Nonso Obi,nonso.obi@student.fairview-school.ng,20260809_084552
student,739e56b4-c495-4477-ac81-f20a2ec30e22,Nonso Okafor,nonso.okafor@student.fairview-school.ng,20260809_084552
student,3f9a2032-6d9d-4062-bf1a-f480c19b9245,Nonso Okafor,nonso.okafor@student.fairview-school.ng,20260809_084552
student,c22013dc-1509-4d80-80e8-5070240b5fa9,OLUWASOJI OLABODE ADEKUOROYE,mroluwasoji@gmail.com,20260809_084552
student,5c481843-d53f-49b9-b0a5-48d1cda5f0e5,Obinna Adeyemi,obinna.adeyemi@student.fairview-school.ng,20260809_084552
student,828d1d75-70ce-4012-97c8-69e242bb7503,Obinna Adomako,obinna.adomako@student.fairview-school.ng,20260809_084552
student,a33aa0dd-cbe6-4b2e-86fd-9ae950b8e580,Obinna Agbaje,obinna.agbaje@student.fairview-school.ng,20260809_084552
student,f034fea1-7ea0-48c3-a41d-71b85e73bfed,Obinna Anyanwu,obinna.anyanwu@student.fairview-school.ng,20260809_084552
student,b48831a5-1884-49b4-af9b-af4279fe2a99,Obinna Anyanwu,obinna.anyanwu@student.fairview-school.ng,20260809_084552
student,22b95fac-c045-4dbe-ada4-1549da6841c9,Obinna Egbunike,obinna.egbunike@student.fairview-school.ng,20260809_084552
student,7aa2ab5b-d3b0-4345-a9a5-afe2e402104e,Obinna Fasola,obinna.fasola@student.fairview-school.ng,20260809_084552
student,fee4e85d-a825-463d-987d-657c10f3cde3,Obinna Mensah,obinna.mensah@student.fairview-school.ng,20260809_084552
student,459d1552-c7a2-4c7f-a291-9d5279174fb8,Obinna Mohammed,obinna.mohammed@student.fairview-school.ng,20260809_084552
student,d238b1f1-8f0c-44fb-b541-3588ec73a8cb,Obinna Okafor,obinna.okafor@student.fairview-school.ng,20260809_084552
student,b36ef8f3-d7d4-4748-babd-191a015a637c,Obinna Okonkwo,obinna.okonkwo@student.fairview-school.ng,20260809_084552
student,69af5181-ca59-46f3-b7f2-1a8642465d2a,Obinna Okonkwo,obinna.okonkwo@student.fairview-school.ng,20260809_084552
student,9147af51-dd91-4ef8-895d-bd4800125bca,Obinna Olagoke,obinna.olagoke@student.fairview-school.ng,20260809_084552
student,d1ade276-fd31-4220-afd9-bcb61345a420,Obinna Oluwaseun,obinna.oluwaseun@student.fairview-school.ng,20260809_084552
student,a9cb50e6-0fc1-4190-88c4-fb092d53e845,Obinna Oluwaseun,obinna.oluwaseun@student.fairview-school.ng,20260809_084552
student,65ea8f07-f709-48d3-aae2-e9782f6db2e2,Obinna Opoku,obinna.opoku@student.fairview-school.ng,20260809_084552
student,18ab0f25-2f57-42fd-865b-7db9a2a52105,Oyin Abioye,oyin.abioye@student.fairview-school.ng,20260809_084552
student,962f0aaa-d53d-4f2f-bedf-5ceecf6e89b7,Oyin Adebanjo,oyin.adebanjo@student.fairview-school.ng,20260809_084552
student,a2739fa6-ac31-494a-abc6-7c7eee2422ad,Oyin Ahmed,oyin.ahmed@student.fairview-school.ng,20260809_084552
student,8da2f2cf-d466-490e-bd4e-c45e79cbb758,Oyin Egbunike,oyin.egbunike@student.fairview-school.ng,20260809_084552
student,81a1c223-65c7-434a-ac41-eb7498c15487,Oyin Hassan,oyin.hassan@student.fairview-school.ng,20260809_084552
student,1d74916f-20c6-4488-b7af-b286691670c5,Oyin Hassan,oyin.hassan@student.fairview-school.ng,20260809_084552
student,a72766ac-b379-4850-92d7-9b0120ffea84,Oyin Ibrahim,oyin.ibrahim@student.fairview-school.ng,20260809_084552
student,1818a303-f2e6-445b-a4f6-535fb74ae2e0,Oyin Mohammed,oyin.mohammed@student.fairview-school.ng,20260809_084552
student,c349de2e-ad0d-4e46-af8c-8ce99f45d4ca,Oyin Ndiaye,oyin.ndiaye@student.fairview-school.ng,20260809_084552
student,ffcc248c-7f72-49ff-ab03-2d944cade829,Oyin Obi,oyin.obi@student.fairview-school.ng,20260809_084552
student,c1eca200-6b34-429d-8bb6-95189abb1567,Oyin Obi,oyin.obi@student.fairview-school.ng,20260809_084552
student,cd18fcdd-d0c7-4c83-b3ff-137f01bd8f19,Oyin Okafor,oyin.okafor@student.fairview-school.ng,20260809_084552
student,058949ff-c4f5-49e4-b5c5-1f8c0d76a7b1,Oyin Okafor,oyin.okafor@student.fairview-school.ng,20260809_084552
student,19c29b59-9983-4f9e-8b2f-72add7d3cca0,Oyin Oluwaseun,oyin.oluwaseun@student.fairview-school.ng,20260809_084552
student,f5838f66-b658-4913-ba11-92768052d238,Pelumi Abioye,pelumi.abioye@student.fairview-school.ng,20260809_084552
student,9b328257-a4bf-42b7-a6c5-6d3c8c5d9300,Pelumi Abioye,pelumi.abioye@student.fairview-school.ng,20260809_084552
student,0ebd348f-bb9b-4b72-80cc-295aca4196f3,Pelumi Adeyemi,pelumi.adeyemi@student.fairview-school.ng,20260809_084552
student,517a418d-57ab-4d17-8ac0-6b66c62ba70d,Pelumi Anyanwu,pelumi.anyanwu@student.fairview-school.ng,20260809_084552
student,2310fc06-a2cf-4916-8e1e-24c7c372b134,Pelumi Egbunike,pelumi.egbunike@student.fairview-school.ng,20260809_084552
student,324b2d01-841c-480b-aa47-7d8755982aaa,Pelumi Fasola,pelumi.fasola@student.fairview-school.ng,20260809_084552
student,56661ab4-d246-4c3f-a9ab-f288f9a2999f,Pelumi Ibrahim,pelumi.ibrahim@student.fairview-school.ng,20260809_084552
student,29f4135b-789a-469a-9cf4-b96b050b5a97,Pelumi Obi,pelumi.obi@student.fairview-school.ng,20260809_084552
student,d60d1fc4-673e-4eb6-a683-ec0bdfa0e1f1,Pelumi Okoro,pelumi.okoro@student.fairview-school.ng,20260809_084552
student,ac297b99-f8ad-4ae6-af3e-a8e1392081f3,Pelumi Oluwaseun,pelumi.oluwaseun@student.fairview-school.ng,20260809_084552
student,45bafe3a-8d22-443e-9cbc-10f64373e4d4,Pelumi Oluwaseun,pelumi.oluwaseun@student.fairview-school.ng,20260809_084552
student,32819e1b-0031-4b8d-9a5d-d3117adfed07,Pelumi Oluwaseun,pelumi.oluwaseun@student.fairview-school.ng,20260809_084552
student,78f81dd4-63bd-4078-8cd9-c4895ac16c71,Pelumi Opoku,pelumi.opoku@student.fairview-school.ng,20260809_084552
student,2c76a1d7-cbaa-45d1-9c90-2c06fc7473fc,Pelumi Usman,pelumi.usman@student.fairview-school.ng,20260809_084552
student,af7a87ef-6efc-45e6-bbb0-eb26f9e5d042,Princess Abioye,princess.abioye@student.fairview-school.ng,20260809_084552
student,3577a5e6-fa33-4b8c-b70c-409121b6cafd,Princess Agbaje,princess.agbaje@student.fairview-school.ng,20260809_084552
student,7703cfd3-5fb8-47c7-be39-ac5872b5f2ac,Princess Agbaje,princess.agbaje@student.fairview-school.ng,20260809_084552
student,1638d44b-f96d-413d-9539-25cec4b3aa77,Princess Ahmed,princess.ahmed@student.fairview-school.ng,20260809_084552
student,68145a54-f158-4aa8-90ac-6d920ce217b4,Princess Asante,princess.asante@student.fairview-school.ng,20260809_084552
student,51850374-3c79-4fae-a3f2-725c96086a64,Princess Egbunike,princess.egbunike@student.fairview-school.ng,20260809_084552
student,a4a76dae-9c6e-4b93-8362-cdd28ca97db2,Princess Egbunike,princess.egbunike@student.fairview-school.ng,20260809_084552
student,e5493651-7a96-4515-86be-3fefc4d91f40,Princess Mohammed,princess.mohammed@student.fairview-school.ng,20260809_084552
student,040fb2cb-7468-4bb0-9186-dc1c9c48aca2,Princess Ndiaye,princess.ndiaye@student.fairview-school.ng,20260809_084552
student,3f91b094-2fef-4e3b-90b1-76f4d2c7e5a9,Princess Obi,princess.obi@student.fairview-school.ng,20260809_084552
student,3dbb4e09-2623-4b3d-b780-f1aea7d20eef,Princess Obi,princess.obi@student.fairview-school.ng,20260809_084552
student,8511eb6e-3a62-4dc0-bceb-32a2163a2b42,Princess Okonkwo,princess.okonkwo@student.fairview-school.ng,20260809_084552
student,e4710d41-e1ea-4638-8c9a-182e4d4421c9,Princess Okoro,princess.okoro@student.fairview-school.ng,20260809_084552
student,35445656-71d7-404a-8480-9f2ce3c58a51,Princess Okoro,princess.okoro@student.fairview-school.ng,20260809_084552
student,27d32a28-0d7f-4a7a-a9bf-d79777ae4771,Princess Opoku,princess.opoku@student.fairview-school.ng,20260809_084552
student,485e8c37-119a-4ab9-abb6-3a7e3f436915,Rasiq Ahmed,rasiq.ahmed@student.fairview-school.ng,20260809_084552
student,cc33cef6-a308-4c1e-804a-a9dac4a277f2,Rasiq Ahmed,rasiq.ahmed@student.fairview-school.ng,20260809_084552
student,c2d2c67f-93c8-4f11-a0d3-4ebb65b306ad,Rasiq Asante,rasiq.asante@student.fairview-school.ng,20260809_084552
student,fd39b95e-9043-4f4f-b539-3f5caa08f543,Rasiq Bamigboye,rasiq.bamigboye@student.fairview-school.ng,20260809_084552
student,e37f4643-89e8-494e-88cd-42d8469c79ca,Rasiq Bello,rasiq.bello@student.fairview-school.ng,20260809_084552
student,fd3c3335-17b2-40c5-b8de-4c27ec1500c8,Rasiq Bello,rasiq.bello@student.fairview-school.ng,20260809_084552
student,bad4b69c-1b9d-48e6-ac5b-f131994ad742,Rasiq Fasola,rasiq.fasola@student.fairview-school.ng,20260809_084552
student,25c4dfa4-4b59-4628-86da-c2472bece2d2,Rasiq Mohammed,rasiq.mohammed@student.fairview-school.ng,20260809_084552
student,b5a2db03-43a1-4e15-911a-395d58f8ca51,Rasiq Okafor,rasiq.okafor@student.fairview-school.ng,20260809_084552
student,fdd11bf4-5b64-4a10-901f-95669bf20e30,Rasiq Okonkwo,rasiq.okonkwo@student.fairview-school.ng,20260809_084552
student,a4148ae0-00b3-4949-9194-73361ab5f22c,Rasiq Okoro,rasiq.okoro@student.fairview-school.ng,20260809_084552
student,4e0057a2-a314-44d5-914f-049a0234f425,Rasiq Oladele,rasiq.oladele@student.fairview-school.ng,20260809_084552
student,9337d279-cec1-486e-bef3-232522bdbb8d,Raven Bello,raven.bello@student.fairview-school.ng,20260809_084552
student,b42e07f6-cca6-41d8-8f28-18bb2c836556,Raven Dada,raven.dada@student.fairview-school.ng,20260809_084552
student,0607b828-afe4-4206-8bbf-210be9e3fefe,Raven Fasola,raven.fasola@student.fairview-school.ng,20260809_084552
student,2144869d-ceb0-46fa-a64e-a3adf9bb1ecc,Raven Ibrahim,raven.ibrahim@student.fairview-school.ng,20260809_084552
student,2bf4b0e3-3185-43a2-a93e-d81690648964,Sayo Adomako,sayo.adomako@student.fairview-school.ng,20260809_084552
student,4fee2341-ec6a-4fa5-a598-cb1315354d3d,Sayo Asante,sayo.asante@student.fairview-school.ng,20260809_084552
student,85fee5f4-7690-41b2-8eff-fcb380475589,Sayo Bello,sayo.bello@student.fairview-school.ng,20260809_084552
student,55e4cf84-162b-4d5b-9ee6-29f0d210e899,Sayo Fasola,sayo.fasola@student.fairview-school.ng,20260809_084552
student,1c028e3f-5340-4c4f-bfa3-de8b78dbb4b8,Sayo Hassan,sayo.hassan@student.fairview-school.ng,20260809_084552
student,6dff8cb1-b146-416c-ba9c-77950fdd46e3,Sayo Okafor,sayo.okafor@student.fairview-school.ng,20260809_084552
student,e4a5577b-169a-495e-9973-8c779ead5266,Sophia Agbaje,sophia.agbaje@student.fairview-school.ng,20260809_084552
student,62b3b96c-4af7-4768-9951-a15cf4bb09b6,Sophia Bello,sophia.bello@student.fairview-school.ng,20260809_084552
student,e9cdbedf-3f0c-485a-a601-44eb33410a60,Sophia Ibrahim,sophia.ibrahim@student.fairview-school.ng,20260809_084552
student,911adf39-41d7-4b64-a332-b643644bc1d3,Sophia Mensah,sophia.mensah@student.fairview-school.ng,20260809_084552
student,69ca9146-7ef7-49ae-8a13-ab7acafc8422,Sophia Okafor,sophia.okafor@student.fairview-school.ng,20260809_084552
student,9ae30a92-33fc-4bd6-8ed6-499ab85ff79e,Sophia Opoku,sophia.opoku@student.fairview-school.ng,20260809_084552
student,d92f7063-7c01-428c-8a31-af193e9382e1,Tayo Agbaje,tayo.agbaje@student.fairview-school.ng,20260809_084552
student,1012084f-cb33-4b2a-ada8-cf3df5cf497f,Tayo Egbunike,tayo.egbunike@student.fairview-school.ng,20260809_084552
student,4f075749-043c-422f-b09c-7da82499c782,Tayo Hassan,tayo.hassan@student.fairview-school.ng,20260809_084552
student,90d8214a-646d-4c9f-978b-3280c335d6ce,Tayo Hassan,tayo.hassan@student.fairview-school.ng,20260809_084552
student,fc0c99e4-e173-4874-9760-5ec54da73b75,Tayo Mensah,tayo.mensah@student.fairview-school.ng,20260809_084552
student,56bc0a52-b05b-439b-a831-9effa69e0d69,Tayo Okonkwo,tayo.okonkwo@student.fairview-school.ng,20260809_084552
student,a75c6035-457b-4335-b7a9-3fa136d30d9a,Tayo Okoro,tayo.okoro@student.fairview-school.ng,20260809_084552
student,1035d053-368b-409f-b943-e9b4345652d6,Tayo Oluwaseun,tayo.oluwaseun@student.fairview-school.ng,20260809_084552
student,487fda9b-fa08-4138-aeba-94101b35d2ef,Tunde Adebanjo,tunde.adebanjo@student.fairview-school.ng,20260809_084552
student,8fa42096-443f-4070-b3f7-3d1eb8fdabd4,Tunde Ahmed,tunde.ahmed@student.fairview-school.ng,20260809_084552
student,a10f74fc-2faf-423d-ae6c-cae81ab29da5,Tunde Anyanwu,tunde.anyanwu@student.fairview-school.ng,20260809_084552
student,0b87e697-3392-40d4-9845-71489f5e1081,Tunde Bello,tunde.bello@student.fairview-school.ng,20260809_084552
student,1e2cc205-b5e8-46d1-8b68-8640684679d2,Tunde Egbunike,tunde.egbunike@student.fairview-school.ng,20260809_084552
student,25d28e73-9fb1-4d3f-b271-226dd01ae393,Tunde Egbunike,tunde.egbunike@student.fairview-school.ng,20260809_084552
student,59031ebd-7dc4-4757-b5dd-3199ac3a81bd,Tunde Mohammed,tunde.mohammed@student.fairview-school.ng,20260809_084552
student,a0c6af96-b0bf-45fa-908c-fb8551ffe83d,Tunde Mohammed,tunde.mohammed@student.fairview-school.ng,20260809_084552
student,e1f6135a-3426-432d-8c6b-edf5435f9a3c,Tunde Ndiaye,tunde.ndiaye@student.fairview-school.ng,20260809_084552
student,3d8a9382-109a-48a4-bf42-6ea45a244169,Uche Abioye,uche.abioye@student.fairview-school.ng,20260809_084552
student,db997e78-a341-4bc3-b6f0-84e0dcbd27f0,Uche Adebanjo,uche.adebanjo@student.fairview-school.ng,20260809_084552
student,0a41bd7a-2c35-4570-8eff-28f642e45124,Uche Ahmed,uche.ahmed@student.fairview-school.ng,20260809_084552
student,8d1a6309-80a3-4041-819b-82860dac4c04,Uche Anyanwu,uche.anyanwu@student.fairview-school.ng,20260809_084552
student,2e50d2f3-6e4d-484f-b7f5-3229b1cea8c8,Uche Anyanwu,uche.anyanwu@student.fairview-school.ng,20260809_084552
student,c901e5c1-4dbb-45cf-acd6-ca0982d14514,Uche Asante,uche.asante@student.fairview-school.ng,20260809_084552
student,a8784cad-d13d-43e5-8bd5-84a6f5f0c9c1,Uche Hassan,uche.hassan@student.fairview-school.ng,20260809_084552
student,35cc1aa2-7def-4dd1-9447-e7dbd0e754ff,Uche Hassan,uche.hassan@student.fairview-school.ng,20260809_084552
student,564d2aa2-f8b5-4db1-89e1-9be2ea0a9535,Uche Mohammed,uche.mohammed@student.fairview-school.ng,20260809_084552
student,916360b0-347d-43a4-ab04-eb605deca94a,Uche Obi,uche.obi@student.fairview-school.ng,20260809_084552
student,302f9048-abe6-429e-87b0-f73c08194d6a,Uche Obi,uche.obi@student.fairview-school.ng,20260809_084552
student,cdb4e1dc-9600-448c-82b0-0322b5dbfd76,Uche Okafor,uche.okafor@student.fairview-school.ng,20260809_084552
student,2a483165-ff20-4b67-8ef2-da95813ac53b,Uche Okoro,uche.okoro@student.fairview-school.ng,20260809_084552
student,a8a4336a-a3a0-4a6d-8bc1-48c5187244d3,Uche Opoku,uche.opoku@student.fairview-school.ng,20260809_084552
student,4ee0e6ec-cbe2-490e-9729-9889939256b9,Umar Adebanjo,umar.adebanjo@student.fairview-school.ng,20260809_084552
student,b2fd905d-3381-42c9-af26-1333df48ed07,Umar Ahmed,umar.ahmed@student.fairview-school.ng,20260809_084552
student,fa6c7412-f754-4c57-8363-5e7b66aea14a,Umar Bamigboye,umar.bamigboye@student.fairview-school.ng,20260809_084552
student,68db790d-6cc5-45f8-b89f-a81a4e17a584,Umar Bamigboye,umar.bamigboye@student.fairview-school.ng,20260809_084552
student,c1570ef6-9d06-4179-8a43-176e4ff943ce,Umar Dada,umar.dada@student.fairview-school.ng,20260809_084552
student,226c9b26-8ae7-4684-b7c4-af08babe7277,Umar Dada,umar.dada@student.fairview-school.ng,20260809_084552
student,37267cff-cdb5-4e42-85c8-1162eccce5a8,Umar Ibrahim,umar.ibrahim@student.fairview-school.ng,20260809_084552
student,81cfb9a1-7206-4059-a37a-cdc94a048a10,Umar Ndiaye,umar.ndiaye@student.fairview-school.ng,20260809_084552
student,b46ff0c4-a0d5-499b-a2d1-3dd6aca2401e,Umar Ndiaye,umar.ndiaye@student.fairview-school.ng,20260809_084552
student,1988788a-55cc-476f-b516-ffb35592dabe,Umar Okoro,umar.okoro@student.fairview-school.ng,20260809_084552
student,203ab591-4e5b-4968-b331-5f50386b5796,Victoria Egbunike,victoria.egbunike@student.fairview-school.ng,20260809_084552
student,cb7ee4a4-cbbd-40b2-84a3-0fd25d3bede3,Victoria Ndiaye,victoria.ndiaye@student.fairview-school.ng,20260809_084552
student,add0612e-2aab-4cd9-a056-4ff86cc8b761,Victoria Okonkwo,victoria.okonkwo@student.fairview-school.ng,20260809_084552
student,0c409ea1-0cfe-4fa1-a002-50635d6f6e4d,Victoria Olagoke,victoria.olagoke@student.fairview-school.ng,20260809_084552
student,1f690734-a0a2-4ea7-99a0-a11929fb4778,Victoria Opoku,victoria.opoku@student.fairview-school.ng,20260809_084552
student,97aec1ae-2bd7-4afc-aca0-dc1e1e2e4c0a,Victoria Opoku,victoria.opoku@student.fairview-school.ng,20260809_084552
student,fb48438e-2ad9-4cf8-9190-08ffa52cce87,Victoria Opoku,victoria.opoku@student.fairview-school.ng,20260809_084552
student,0e05e448-a3a1-4928-bd5c-07ab7b5ac117,Victoria Opoku,victoria.opoku@student.fairview-school.ng,20260809_084552
student,fb027338-17bb-4b4a-9bfd-4f24937edfd1,Victoria Usman,victoria.usman@student.fairview-school.ng,20260809_084552
student,4888168c-da8a-4e5e-a1b7-7d7b7a021ea9,Wale Adebanjo,wale.adebanjo@student.fairview-school.ng,20260809_084552
student,4fbc4774-a090-4439-b463-a09aa1cbaee0,Wale Adomako,wale.adomako@student.fairview-school.ng,20260809_084552
student,4bcc2bf1-bdb9-49fb-91eb-5e20a288bee3,Wale Adomako,wale.adomako@student.fairview-school.ng,20260809_084552
student,a5a02a60-c594-4913-954c-38837ac2261b,Wale Mohammed,wale.mohammed@student.fairview-school.ng,20260809_084552
student,cd4c931b-1d33-4028-8c99-9381b3d4915b,Wale Okafor,wale.okafor@student.fairview-school.ng,20260809_084552
student,8961f0ea-5b24-4afd-aed1-37943044065f,Wale Okafor,wale.okafor@student.fairview-school.ng,20260809_084552
student,4a8f6239-fe14-485e-acf0-13e55c9e06fe,Wale Okoro,wale.okoro@student.fairview-school.ng,20260809_084552
student,7f55d028-5863-46b2-ad66-8e420e9128b2,Whitney Fasola,whitney.fasola@student.fairview-school.ng,20260809_084552
student,93f90b1d-dc29-4fbd-8403-468086a0a5f8,Whitney Mohammed,whitney.mohammed@student.fairview-school.ng,20260809_084552
student,7bdb9924-9204-4a1a-be1e-522b51e0d843,Whitney Oladele,whitney.oladele@student.fairview-school.ng,20260809_084552
student,5ee067ba-b542-4d41-a9ac-0f6b3dc552ff,Whitney Olagoke,whitney.olagoke@student.fairview-school.ng,20260809_084552
student,21533716-f130-4a3e-bc13-7de282595981,Xavier Abioye,xavier.abioye@student.fairview-school.ng,20260809_084552
student,4c148cae-a79c-4a87-9861-a72647bfbad3,Xavier Adebanjo,xavier.adebanjo@student.fairview-school.ng,20260809_084552
student,37188615-e13c-4a2b-b327-cdcad0ef4d10,Xavier Adebanjo,xavier.adebanjo@student.fairview-school.ng,20260809_084552
student,587662bb-a418-4285-b845-d27e38215733,Xavier Adeyemi,xavier.adeyemi@student.fairview-school.ng,20260809_084552
student,9f8c7e93-9d7a-40ff-a87a-c05daa424a43,Xavier Agbaje,xavier.agbaje@student.fairview-school.ng,20260809_084552
student,7505e623-f24a-427c-bbbe-96aec46259d3,Xavier Anyanwu,xavier.anyanwu@student.fairview-school.ng,20260809_084552
student,612d825a-4ec1-4cf9-bfa7-2069fb4b936a,Xavier Asante,xavier.asante@student.fairview-school.ng,20260809_084552
student,181e0998-b8c6-48b8-86d4-94cebd510a2a,Xavier Bello,xavier.bello@student.fairview-school.ng,20260809_084552
student,c18efce5-b38b-4c64-8c1b-ba72f037e8df,Xavier Dada,xavier.dada@student.fairview-school.ng,20260809_084552
student,61b13e3c-388e-4ade-a14f-fb88af66087d,Xavier Hassan,xavier.hassan@student.fairview-school.ng,20260809_084552
student,489b42a8-038e-4dda-86a8-9e313f42da2d,Xavier Hassan,xavier.hassan@student.fairview-school.ng,20260809_084552
student,13ab1e88-36df-4d0b-98c3-bfdb17db9607,Xavier Ibrahim,xavier.ibrahim@student.fairview-school.ng,20260809_084552
student,391e8be2-7eaf-44d6-8988-41a51e8e56a9,Xavier Mohammed,xavier.mohammed@student.fairview-school.ng,20260809_084552
student,c8ac5985-2eff-4ed4-9f3e-e6d8b5ec8867,Xavier Okonkwo,xavier.okonkwo@student.fairview-school.ng,20260809_084552
student,b23ac5bb-cca0-432e-b6be-3d30a64f5bd1,Xavier Oluwaseun,xavier.oluwaseun@student.fairview-school.ng,20260809_084552
student,5607c154-4b80-4bf0-9c59-8baa4b7f725b,Xavier Usman,xavier.usman@student.fairview-school.ng,20260809_084552
student,64f16f43-da1d-40f8-aed3-5d1a0ef893a8,Yemi Abioye,yemi.abioye@student.fairview-school.ng,20260809_084552
student,0c513d0a-01d8-4851-8e9f-e08572c4a25e,Yemi Adomako,yemi.adomako@student.fairview-school.ng,20260809_084552
student,44b1aae5-56ef-4ece-8a1f-bb7a209db407,Yemi Anyanwu,yemi.anyanwu@student.fairview-school.ng,20260809_084552
student,11a52bae-1a6a-4a21-9502-9aa8116debda,Yemi Bello,yemi.bello@student.fairview-school.ng,20260809_084552
student,908daa9f-ef9d-4ec8-91c6-6c771d7f169e,Yemi Hassan,yemi.hassan@student.fairview-school.ng,20260809_084552
student,b5c3f434-9f5d-4ea5-a9ea-7014d2806e5e,Yemi Mensah,yemi.mensah@student.fairview-school.ng,20260809_084552
student,8942327e-42eb-4c43-8982-078d88f6e729,Yemi Okoro,yemi.okoro@student.fairview-school.ng,20260809_084552
student,b28f8fce-435c-4149-9dbf-93ddc5d535e0,Yemi Okoro,yemi.okoro@student.fairview-school.ng,20260809_084552
student,da6a00d6-e900-4754-9153-a861a54de650,Yusuf Ahmed,yusuf.ahmed@student.fairview-school.ng,20260809_084552
student,aba1a378-9180-4358-bac4-12fbf15b49dd,Yusuf Anyanwu,yusuf.anyanwu@student.fairview-school.ng,20260809_084552
student,cf5d845b-1c07-467f-9930-5e271faceac9,Yusuf Anyanwu,yusuf.anyanwu@student.fairview-school.ng,20260809_084552
student,ba53dcc4-7a58-4430-aa7e-bad15bf792eb,Yusuf Bello,yusuf.bello@student.fairview-school.ng,20260809_084552
student,543f8dbf-9985-44a9-a3f6-667b06be4217,Yusuf Dada,yusuf.dada@student.fairview-school.ng,20260809_084552
student,39e7a092-5b0e-4a5d-814e-4cdc2f0c5c97,Yusuf Fasola,yusuf.fasola@student.fairview-school.ng,20260809_084552
student,a8589486-af3e-4704-a5b4-e063de4ed63e,Yusuf Fasola,yusuf.fasola@student.fairview-school.ng,20260809_084552
student,23b76249-f216-4b02-99c1-91db35faeab0,Yusuf Oladele,yusuf.oladele@student.fairview-school.ng,20260809_084552
student,474e38a9-36cc-4078-a74c-5813f72120f0,Yusuf Oladele,yusuf.oladele@student.fairview-school.ng,20260809_084552
student,65e01a66-9fee-46c8-a526-db85d41d711d,Yusuf Olagoke,yusuf.olagoke@student.fairview-school.ng,20260809_084552
student,7eb2c7e0-fb7c-45af-bb86-8407085079a6,Yusuf Olagoke,yusuf.olagoke@student.fairview-school.ng,20260809_084552
student,687b45c1-dc42-4c0a-9172-eb0da33fe71b,Yusuf Oluwaseun,yusuf.oluwaseun@student.fairview-school.ng,20260809_084552
student,ac47b5cf-437f-4571-adbe-23b69c4db20e,Zainab Abioye,zainab.abioye@student.fairview-school.ng,20260809_084552
student,030d4481-b0b9-4f96-ae88-92a9e7f1feba,Zainab Adebanjo,zainab.adebanjo@student.fairview-school.ng,20260809_084552
student,e4f1038d-1e45-4da9-b00e-4c6093e264a7,Zainab Adebanjo,zainab.adebanjo@student.fairview-school.ng,20260809_084552
student,69aeac89-d4c3-4a1d-96c0-15efda5b26b9,Zainab Ahmed,zainab.ahmed@student.fairview-school.ng,20260809_084552
student,847696f1-fce4-46fe-905e-62e1ea96ef6e,Zainab Ahmed,zainab.ahmed@student.fairview-school.ng,20260809_084552
student,8408bad9-6695-488c-8120-af778d6abb33,Zainab Bamigboye,zainab.bamigboye@student.fairview-school.ng,20260809_084552
student,44abd5c2-d06c-4d25-b2e4-5aa2c41d1bad,Zainab Dada,zainab.dada@student.fairview-school.ng,20260809_084552
student,dcacc58e-b4d2-49ba-bc48-697bec02731f,Zainab Mohammed,zainab.mohammed@student.fairview-school.ng,20260809_084552
student,de7858c4-c8a9-498e-9228-0176bb006aad,Zainab Obi,zainab.obi@student.fairview-school.ng,20260809_084552
student,fec1f60e-effd-452c-84fc-3dc78103afe5,Zainab Obi,zainab.obi@student.fairview-school.ng,20260809_084552
student,7d511969-acbf-47a1-8226-88dc12a6851e,Zainab Obi,zainab.obi@student.fairview-school.ng,20260809_084552
student,ada173f4-c760-4292-8067-3721830d0a56,Zainab Okoro,zainab.okoro@student.fairview-school.ng,20260809_084552
student,4d457e2c-ed8e-4131-b189-d71b0b2ad0a5,Zainab Oluwaseun,zainab.oluwaseun@student.fairview-school.ng,20260809_084552
staff,29e0ec00-a5fc-4d50-a83a-c58de672a4e1,Ayoade Ndiaye,ict@fairview-school.ng,20260809_084552
staff,5b987e2d-b21a-4400-a46a-3096a50ec2ca,Chisom Ndiaye,english@fairviewschoolng.com,20260809_084552
staff,62a78b54-6e1f-4880-8548-b16d9cf23350,Chukwu Abioye,chemistry@fairview-school.ng,20260809_084552
staff,85a1af34-5a1c-433c-9b89-a639b7349817,Chukwu Bamigboye,geography@fairview-school.ng,20260809_084552
staff,026a3f76-fc4e-43e3-913f-87b3a8f707aa,David Anyanwu,mathematics@fairview-school.ng,20260809_084552
staff,3b98a7a1-8f6d-4bf3-b1cf-0fb22c134bef,Dr. Adeyemi Okafor,principal@fairview-school.ng,20260809_084552
staff,8bfd5437-8bcd-4fc2-90fb-60a05a6f16d4,Dr. Adeyemi Okafor,principal@fairviewschoolng.com,20260809_084552
staff,2e5b826c-cc81-4398-9862-06b0a3492e50,Femi Dada,economics@fairview-school.ng,20260809_084552
staff,493f0706-c3fa-4a89-a535-3382080d6d53,Femi Ndiaye,english@fairview-school.ng,20260809_084552
staff,74305496-8613-4169-97cc-c42c18260dde,HR Manager,hr@fairviewschoolng.com,20260809_084552
staff,8921f374-d12e-4f62-941c-14edad948370,Kamara Agbaje,government@fairviewschoolng.com,20260809_084552
staff,cf65e0a9-4719-474e-b812-9205c6ab72c9,Kamara Ahmed,crs@fairview-school.ng,20260809_084552
staff,aa9305ea-fea9-4528-bbc8-ef41295dea1a,Nonso Oluwaseun,physics@fairview-school.ng,20260809_084552
staff,fcbd8a43-5fd2-4aef-a3ea-dddc61c00ab0,OLUWASOJI OLABODE ADEKUOROYE,mroluwasoji@gmail.com,20260809_084552
staff,fde01b6f-1c5f-4093-ba50-f1929f16abd9,Obinna Olagoke,biology@fairview-school.ng,20260809_084552
staff,b116b067-ca4f-4361-bf1a-54d8f234bd91,Pelumi Mensah,physics@fairviewschoolng.com,20260809_084552
staff,dae9d140-85da-4d7c-92f7-559083f88e9a,Quarry Agbaje,crs@fairviewschoolng.com,20260809_084552
staff,dc825943-0886-4bc8-8712-9b3febef0293,Quarry Asante,ict@fairviewschoolng.com,20260809_084552
staff,cc7c185d-d8ea-4aee-8508-c1c68c09570a,Quarry Tope,geography@fairviewschoolng.com,20260809_084552
staff,d05b7973-ef9b-46af-ba58-f428cbbbf4ae,Rasiq Okoro,biology@fairviewschoolng.com,20260809_084552
staff,9e53154f-d7da-4221-b6fd-c0b4cc07d7d8,SHAMMAH ANGAYE,shamzyjayy@gmail.com,20260809_084552
staff,acb350b8-7edb-46d0-bd9b-2f2777d67a87,School Administrator,admin@fairviewschoolng.com,20260809_084552
staff,9efb6c02-a9df-4cbf-9092-718c617f2841,Shammah Angaye,headadmin@fairviewschoolng.com,20260809_084552
staff,0388a82f-3d8a-4737-a39f-117b00182e9f,Test Parent,parent@fairviewschoolng.com,20260809_084552
staff,fbe09e7b-93d0-4bbe-b5eb-fac84f1672ef,Tunde Adeleke,economics@fairviewschoolng.com,20260809_084552
staff,052e3f5b-5d17-475c-9e01-78b0e608f0c1,Umar Egbunike,government@fairview-school.ng,20260809_084552
staff,2081eeed-d7e8-44fc-b0fc-5dd6526c75d4,Vince Ahmed,chemistry@fairviewschoolng.com,20260809_084552
staff,b2e8ef3a-0e3f-458c-8700-ae501a2a6d19,Xavier Mensah,mathematics@fairviewschoolng.com,20260809_084552
