student_id,email,temp_password
FSN-0001,chinedu.okoro0001@fairviewschoolng.com,0DWStk8LhCAbcbtkPG3pRQ
FSN-0002,chiamaka.suleiman0002@fairviewschoolng.com,SWT1EEm7d4gSFlpRe5cFeA
FSN-0003,yakubu.danjuma0003@fairviewschoolng.com,mGG9oKlaAQ0MYUC-YqBR9A
FSN-0004,olumide.nnamdi0004@fairviewschoolng.com,BY0wmURp1sWFbDVaMzS-JQ
FSN-0005,chinedu.adeyemi0005@fairviewschoolng.com,85xr1D0oyEeCTbjT-Uw9eQ
FSN-0006,femi.okonkwo0006@fairviewschoolng.com,9vujUdww82Y63nV23dibKw
FSN-0007,suleiman.eze0007@fairviewschoolng.com,lHTfkwjyoB5drN1GuzybnQ
FSN-0008,chiamaka.ogunleye0008@fairviewschoolng.com,ic59WC_jyfKtC8MEFccxYA
FSN-0009,amaka.sani0009@fairviewschoolng.com,DCB95o5kCKlsVq28a5GxtA
FSN-0010,uche.musa0010@fairviewschoolng.com,PBY4RoOyQ5ZpOgrExSwC3g
FSN-0011,fatima.eze0011@fairviewschoolng.com,OTkDSFrL0-mkLeqrU5CYDA
FSN-0012,grace.adeyemi0012@fairviewschoolng.com,CmWJ-9onMlRsgQfX9oCy3Q
FSN-0013,grace.okafor0013@fairviewschoolng.com,fbsCUVK_msuDh6kTAbpFXA
FSN-0014,rukayat.adebayo0014@fairviewschoolng.com,RRqQOlzOHAnKyMQ6xC3ZsA
FSN-0015,kelechi.balogun0015@fairviewschoolng.com,W9YBdwfRVOGKB4QE5dHFgQ
FSN-0016,damilare.adeyemi0016@fairviewschoolng.com,L7xkfZ2By5DD4yGRc9TYPw
FSN-0017,rukayat.lawal0017@fairviewschoolng.com,T-fWPpIGKLRyAX-KsMHnIA
FSN-0018,ndidi.eze0018@fairviewschoolng.com,NBJKXFX8sdYGLlknhOTrVQ
FSN-0019,emeka.danjuma0019@fairviewschoolng.com,YdMzheK7NxxZxhp0CaNLww
FSN-0020,chukwudi.adeyemi0020@fairviewschoolng.com,aV8IYuKPKYeb8WUZ4Hnb5Q
FSN-0021,yakubu.yusuf0021@fairviewschoolng.com,FMDHiHsSehYI-A4en8GLDA
FSN-0022,ronke.nwosu0022@fairviewschoolng.com,SoJIvHlvQpPQ6hJ7cDUfOA
FSN-0023,halima.okafor0023@fairviewschoolng.com,u6ulCpMn3uGAxeuij7nQ3A
FSN-0024,ngozi.danjuma0024@fairviewschoolng.com,KbveahoREQ7jMyI7epjjGA
FSN-0025,blessing.ojo0025@fairviewschoolng.com,MaFEG3M0B61WX5sZPN0DCw
FSN-0026,suleiman.okoro0026@fairviewschoolng.com,rTyXI46GXK5lOdY41m_JCg
FSN-0027,kunle.ogunleye0027@fairviewschoolng.com,FY5fU9uEpobU5l054fBrEg
FSN-0028,adaeze.chukwuemeka0028@fairviewschoolng.com,Eup0wrAnf0ew0s04wQc6Gg
FSN-0029,musa.bakare0029@fairviewschoolng.com,Khiee_JplBuAtz63sPEctQ
FSN-0030,femi.bakare0030@fairviewschoolng.com,ZRPO5YswcO3t9bIIwIX14w
FSN-0031,musa.yusuf0031@fairviewschoolng.com,GJ8n0mYZ1AUTJASh43YPPQ
FSN-0032,blessing.eze0032@fairviewschoolng.com,R1kyyk8dG8tJ8Mvz7EDA4A
FSN-0033,ngozi.nwosu0033@fairviewschoolng.com,AWBiQS58AB_BLENqUH4N6g
FSN-0034,aisha.lawal0034@fairviewschoolng.com,-W8YSCjsKMKPcAjLsYzRWQ
FSN-0035,fatima.adebayo0035@fairviewschoolng.com,Txn-Be2NZPz5nuG6l4YG_A
FSN-0036,femi.okoro0036@fairviewschoolng.com,AXmvhRKCD_EYreWVoYmaBw
FSN-0037,ndidi.nnamdi0037@fairviewschoolng.com,Rh1JrF26CfE0ZOmpoUu8Vg
FSN-0038,chidinma.suleiman0038@fairviewschoolng.com,6WqJ7yhZ419vu5P1CogiyQ
FSN-0039,chibuike.ibrahim0039@fairviewschoolng.com,VH8iHodsSMjiocSnW676kw
FSN-0040,emeka.ezenwa0040@fairviewschoolng.com,Vuex6EuTbkwPMAxhbKsGtw
FSN-0041,ibrahim.nwosu0041@fairviewschoolng.com,SfkNEdMzir8FjqWWp3nTVg
FSN-0042,uche.ojo0042@fairviewschoolng.com,evYnBnBbuHPBdnC8YIiqXQ
FSN-0043,damilare.yusuf0043@fairviewschoolng.com,mmZ2ApGBTYCnkglcAzn02Q
FSN-0044,nkechi.adebayo0044@fairviewschoolng.com,qqHUKb50KxDrM6-4YGY9yA
FSN-0045,yakubu.danjuma0045@fairviewschoolng.com,uFSt7qfXYjB91vtsuPqmXw
FSN-0046,funke.uzoma0046@fairviewschoolng.com,WnTzfRe9e8PW3P7DaRQMxA
FSN-0047,zainab.bello0047@fairviewschoolng.com,pWMSHWfdYEKb1wKnrbhayA
FSN-0048,amaka.okoro0048@fairviewschoolng.com,LM0gubjbQmDURp-aAMS6-w
FSN-0049,nkechi.sani0049@fairviewschoolng.com,EB82a9lfs7rrKV_IhGxxBg
FSN-0050,chibuike.chukwuemeka0050@fairviewschoolng.com,-En3y2rdOUtZWko87w6YsQ
FSN-0051,chukwudi.bakare0051@fairviewschoolng.com,dU14JP49dI7XpbqIWaIQxw
FSN-0052,ibrahim.okafor0052@fairviewschoolng.com,Phhfn-AToz0whHqeZWBzJQ
FSN-0053,suleiman.sani0053@fairviewschoolng.com,8979_r6Rft9rtUPxhN8Uqg
FSN-0054,ikenna.musa0054@fairviewschoolng.com,RNyT-HIgadseuy9BcW_3wA
FSN-0055,amaka.uzoma0055@fairviewschoolng.com,h6msJoFI0GRXyEyducimiw
FSN-0056,bimpe.suleiman0056@fairviewschoolng.com,WqmRPsCM-OOE7rWPVu6Duw
FSN-0057,femi.lawal0057@fairviewschoolng.com,HtfuY7_-VMwqIyj-7j2tqA
FSN-0058,tunde.okoro0058@fairviewschoolng.com,K4JmIrvkZRsfqNvb5kPHLg
FSN-0059,blessing.sani0059@fairviewschoolng.com,SnRdYc_g3y8MxZ0panGwRA
FSN-0060,ibrahim.danjuma0060@fairviewschoolng.com,KVXJTsnP4P0mwvaJkk7dGA
FSN-0061,yetunde.bello0061@fairviewschoolng.com,DGGmfXm1EODLWJcRUIJunw
FSN-0062,nkechi.ezenwa0062@fairviewschoolng.com,2aDe1K23OmL8Kf76hpgmUg
FSN-0063,ngozi.chukwuemeka0063@fairviewschoolng.com,fqe5ZOysalBypHovzWUdKA
FSN-0064,chukwudi.yusuf0064@fairviewschoolng.com,RRZAZgcWIOiWYp4GLS4jXQ
FSN-0065,ronke.lawal0065@fairviewschoolng.com,c7-sX6BryjCsW_ueLbqXgA
FSN-0066,grace.suleiman0066@fairviewschoolng.com,lMFF7Le14b0DyuocQLHlEQ
FSN-0067,tunde.musa0067@fairviewschoolng.com,-3Z070E5hgXomDoJQrQlFw
FSN-0068,olumide.balogun0068@fairviewschoolng.com,gy76U4xyJaM6HclPCOAdRA
FSN-0069,olumide.suleiman0069@fairviewschoolng.com,vnj3zb9N5yjE7lecDmcC8Q
FSN-0070,tunde.adeleke0070@fairviewschoolng.com,wnGB4s_hXaFu1RR4So0kow
FSN-0071,femi.adeyemi0071@fairviewschoolng.com,8b7TJMI7hbmhnvnArFFNcw
FSN-0072,musa.adeyemi0072@fairviewschoolng.com,3XLmg8HynkQ3U-ukeFxLtQ
FSN-0073,obinna.danjuma0073@fairviewschoolng.com,E2OE0eGZyYJhjpVruAPmiA
FSN-0074,ngozi.balogun0074@fairviewschoolng.com,PFYU4vtFYGQcdaqi1wdEHQ
FSN-0075,olumide.abubakar0075@fairviewschoolng.com,qhuzSrUPHOPKdK4EwNGvfw
FSN-0076,chiamaka.umeh0076@fairviewschoolng.com,cAx0Jc1qK-IUWs89lofP3g
FSN-0077,zainab.eze0077@fairviewschoolng.com,-G6FewQkIwQoBKk4_S239g
FSN-0078,yakubu.danjuma0078@fairviewschoolng.com,XrO_mFCDecvOazpQU-M_Cw
FSN-0079,chidinma.nnamdi0079@fairviewschoolng.com,cu9YuDHdk8BjJ_1RPhuwgA
FSN-0080,ronke.ezenwa0080@fairviewschoolng.com,2Y2suWZI_sbUbk-vNgtWhQ
FSN-0081,yakubu.nwachukwu0081@fairviewschoolng.com,Lyi_gwf67gf0yaHvufScQA
FSN-0082,funke.umeh0082@fairviewschoolng.com,V0rVfJvnm9S8-KNQUYIcfw
FSN-0083,femi.eze0083@fairviewschoolng.com,8JwjM-XDr97OAVrM-AxJLQ
FSN-0084,suleiman.ogunleye0084@fairviewschoolng.com,E1VWtCRlEno1sFDbdddF7w
FSN-0085,uche.bello0085@fairviewschoolng.com,skkg1tt101SzLrbNPdzlnw
FSN-0086,ronke.suleiman0086@fairviewschoolng.com,s7t1DvoYmG3omY7QOsX4Ug
FSN-0087,kelechi.umeh0087@fairviewschoolng.com,8qgNuDOiGbP2V3EDmXZe7g
FSN-0088,emeka.nwosu0088@fairviewschoolng.com,w7on7T-mtT_N8_N4w0fsiw
FSN-0089,tunde.chukwuemeka0089@fairviewschoolng.com,zi4JljIWw1dLhejm-V-WpQ
FSN-0090,kunle.nnamdi0090@fairviewschoolng.com,VcXtFcCxjpy7s5wCdv2tag
FSN-0091,adaora.eze0091@fairviewschoolng.com,hFo9DEMsQg4OaBlBACVCBg
FSN-0092,ifeoma.bello0092@fairviewschoolng.com,yqufOtO3GqdDB41eQe-wXg
FSN-0093,amaka.yusuf0093@fairviewschoolng.com,35fOAoDNQFgWI9Ixz4mJIA
FSN-0094,ronke.chukwu0094@fairviewschoolng.com,J9b2ESLWPBUly0iQ-RxCeA
FSN-0095,yetunde.danjuma0095@fairviewschoolng.com,GJ-4f76Vhotg0U4aYNBong
FSN-0096,fatima.eze0096@fairviewschoolng.com,fKZOY1wKbmGOg9Dtjf_42g
FSN-0097,ngozi.nwachukwu0097@fairviewschoolng.com,bpKPdDb_HlC-Jb1JVD_4kA
FSN-0098,musa.nwachukwu0098@fairviewschoolng.com,Ds4vVWblMZhMji1rBIW2PQ
FSN-0099,olumide.ibrahim0099@fairviewschoolng.com,mjsVvM9YEeUnL-k2hTZ2HA
FSN-0100,emeka.okonkwo0100@fairviewschoolng.com,1GbIaNGiILDeJYLqHE8tow
FSN-0101,kunle.adeyemi0101@fairviewschoolng.com,bkwpHw0d07O6k4GXCmPYXA
FSN-0102,femi.yusuf0102@fairviewschoolng.com,rePdNwMHwVpsoLInUgk_aw
FSN-0103,olumide.suleiman0103@fairviewschoolng.com,ByPuoPp3CflaDRTAaiGy-A
FSN-0104,ikenna.adeyemi0104@fairviewschoolng.com,N4fGon7sXYZaouY-A235dQ
FSN-0105,ndidi.abubakar0105@fairviewschoolng.com,eUgRe7QnvRsTAMAhIU2XfQ
FSN-0106,adaeze.eze0106@fairviewschoolng.com,_a20XEEsCx4k1GT2ULyWXQ
FSN-0107,chiamaka.adebayo0107@fairviewschoolng.com,kLUJr9WxFIHh5t-E9pd_eA
FSN-0108,fatima.danjuma0108@fairviewschoolng.com,YQt3pFWCR90N-y-Gm7JDKg
FSN-0109,ronke.musa0109@fairviewschoolng.com,aezluXm8AqHWbFh9PwoXyQ
FSN-0110,chinedu.ogunleye0110@fairviewschoolng.com,ooC1j6d2VOMwKETuG99WLg
FSN-0111,tunde.balogun0111@fairviewschoolng.com,Gj3gJMUt0W8weQ6yhnSFXQ
FSN-0112,chibuike.adebayo0112@fairviewschoolng.com,BlJtaIo0kW8_cicMAO4NsA
FSN-0113,aliyu.lawal0113@fairviewschoolng.com,NXvFo1H12SU3YxXzQ37_uw
FSN-0114,femi.okafor0114@fairviewschoolng.com,9zKGP70F0W_KiTvNJ3Llrg
FSN-0115,halima.ogunleye0115@fairviewschoolng.com,u3w35Ozw93HO2QsfGQePRA
FSN-0116,rukayat.umeh0116@fairviewschoolng.com,t9sOdEBxH8WnrWARS7tqzQ
FSN-0117,suleiman.chukwu0117@fairviewschoolng.com,3CmDFkAlH88zwJXf2d9-6A
FSN-0118,ibrahim.adebayo0118@fairviewschoolng.com,fgOi68k-79Ff2_UOo-0sCg
FSN-0119,yakubu.okoro0119@fairviewschoolng.com,bhFUdh5MJ4vGE8CnA2Tbhw
FSN-0120,obinna.chukwu0120@fairviewschoolng.com,xHup9FKHjVT1TEmbcvETgA
FSN-0121,musa.eze0121@fairviewschoolng.com,mHZvAugJFmsIbyhweJNlQQ
FSN-0122,nkechi.ibrahim0122@fairviewschoolng.com,YiAoOpzZsKEWWn-RC9bzgA
FSN-0123,ifeoma.adeyemi0123@fairviewschoolng.com,G2EuO8l591F5wAyH6UrSYw
FSN-0124,adaeze.nwachukwu0124@fairviewschoolng.com,2ES0UAuR9h3h-i-l0_FSSw
FSN-0125,musa.sani0125@fairviewschoolng.com,PQnD5UcOoJBHRoM8jnXLrA
FSN-0126,obinna.bello0126@fairviewschoolng.com,CuCpSj4wVvIYyUZ19OTtIg
FSN-0127,yetunde.adeleke0127@fairviewschoolng.com,tfDXkctFcm--H0xdEdCQPg
FSN-0128,yetunde.okeke0128@fairviewschoolng.com,P4hugLwRo7-WToKaMqwKKw
FSN-0129,tunde.lawal0129@fairviewschoolng.com,d3qwudIqTTz6AT-SDw6olA
FSN-0130,suleiman.nwachukwu0130@fairviewschoolng.com,teZXUTEuDqUwrlQGMzg81A
FSN-0131,ndidi.balogun0131@fairviewschoolng.com,jvWN8BBc7qOMWIBOBFQz_w
FSN-0132,uche.obi0132@fairviewschoolng.com,TmNLf5bRz8hC7BXd9uxAvw
FSN-0133,chukwudi.okafor0133@fairviewschoolng.com,hqbAN-1Hz21rb0XRcTlz9g
FSN-0134,aliyu.eze0134@fairviewschoolng.com,4mkZnKlvILlwkSjvwA_E7w
FSN-0135,yakubu.okafor0135@fairviewschoolng.com,W4EmUXxCDRgiKZUsHuMRSw
FSN-0136,rukayat.okoro0136@fairviewschoolng.com,2SPgDvtCc2O1msPWiWm7Pw
FSN-0137,femi.ezenwa0137@fairviewschoolng.com,CqI52r01URI_Lz8FtlfR3w
FSN-0138,kunle.lawal0138@fairviewschoolng.com,qJpwIEcKBlXfpkNKg07HIA
FSN-0139,amaka.bello0139@fairviewschoolng.com,ZzlIAAdplLhIc9oVMpan6g
FSN-0140,zainab.umeh0140@fairviewschoolng.com,Wvz2ayeqKmszBA1lKEOqtg
FSN-0141,obinna.bello0141@fairviewschoolng.com,oJVO4BQNNm-_sRlRaWKXKQ
FSN-0142,damilare.ezenwa0142@fairviewschoolng.com,hV8uGgE8zXy_kQEreUc1yQ
FSN-0143,ayodele.suleiman0143@fairviewschoolng.com,HgE1MfWgOiKW9qP73rTiFg
FSN-0144,kelechi.okafor0144@fairviewschoolng.com,MjOZxzp48ZHDjJ3YnOgoQA
FSN-0145,chiamaka.suleiman0145@fairviewschoolng.com,Orj1Ane-V9MMrTJjvEbX6g
FSN-0146,segun.yusuf0146@fairviewschoolng.com,8v6oVFN8pQY2VNgmLa5j2Q
FSN-0147,adaeze.ezenwa0147@fairviewschoolng.com,Tzhaho9dkiNafpjN-Riayw
FSN-0148,obinna.okafor0148@fairviewschoolng.com,AQ9ZFi3F_8gH-Dyf83tNUQ
FSN-0149,yetunde.musa0149@fairviewschoolng.com,t2hGlf6bdbFhaWWNDy4IvQ
FSN-0150,yakubu.lawal0150@fairviewschoolng.com,kdp2r3UVR_byJjqW6US7kw
FSN-0151,halima.abubakar0151@fairviewschoolng.com,5YVKPZ0pAMLL72BJXffcOg
FSN-0152,ifeoma.uzoma0152@fairviewschoolng.com,oxUXHRpFmzteYAISjN5Q-w
FSN-0153,chidinma.okoro0153@fairviewschoolng.com,-qTi-vP6lPACr3W8TH4XFg
FSN-0154,zainab.ojo0154@fairviewschoolng.com,EMdLgPxIfWY5raa30lyMHw
FSN-0155,damilare.lawal0155@fairviewschoolng.com,AezQnaAEX0co_5ROF7xwjA
FSN-0156,obinna.nwachukwu0156@fairviewschoolng.com,BrwdPywjCVFXud1F6cJF7w
FSN-0157,amaka.okonkwo0157@fairviewschoolng.com,fQ0ms8EncYNO9xN-Ig9feg
FSN-0158,aliyu.nnamdi0158@fairviewschoolng.com,tQpfF13bViR7M_XZeFiUzw
FSN-0159,musa.ojo0159@fairviewschoolng.com,2nfAUZpM8VzRzHkCtIRMRw
FSN-0160,grace.okoro0160@fairviewschoolng.com,l69tnMWxfJy7HrHqCYcbEQ
FSN-0161,nkechi.chukwu0161@fairviewschoolng.com,yIy4vgo514dhlonOJ1F6YQ
FSN-0162,funke.yusuf0162@fairviewschoolng.com,DJp78sq8FAtPbUlY8D1CEg
FSN-0163,yetunde.obi0163@fairviewschoolng.com,gw6mPT64E_FNN_jefmRggg
FSN-0164,uche.danjuma0164@fairviewschoolng.com,v_ycmNScxBJhDEoURof9ug
FSN-0165,halima.ojo0165@fairviewschoolng.com,fIjE70440lYswd5euo_KYg
FSN-0166,aisha.balogun0166@fairviewschoolng.com,44CmBV71ODzQ35tCRUqD2w
FSN-0167,chukwudi.chukwu0167@fairviewschoolng.com,Ayw2IE-s3A4c0EACQpXdjw
FSN-0168,uche.umeh0168@fairviewschoolng.com,_gm8yCz0dZfYahwJ-NcBDw
FSN-0169,ronke.ogunleye0169@fairviewschoolng.com,CPuLikzsMd2ajZr8qP-0RA
FSN-0170,ngozi.okonkwo0170@fairviewschoolng.com,luOaXZFuSuKHYjRGVd5Qaw
FSN-0171,halima.danjuma0171@fairviewschoolng.com,oYDsv9Jt0OKCaRkRUyPKLg
FSN-0172,chukwudi.okonkwo0172@fairviewschoolng.com,BQ3laJUKv7n66xVvWQHglw
FSN-0173,blessing.bakare0173@fairviewschoolng.com,WFWmtRThqZNiGqMpSIKxrA
FSN-0174,chukwudi.suleiman0174@fairviewschoolng.com,qnzSdpfQDqLuTiyfLp90YA
FSN-0175,ibrahim.okeke0175@fairviewschoolng.com,CCXlym-1pOKjkARqSxOasA
FSN-0176,femi.ibrahim0176@fairviewschoolng.com,Vh-Ntq5TS6XRk3fXODe6ig
FSN-0177,kelechi.nnamdi0177@fairviewschoolng.com,wAV85rIauSMcT63CoMk8Xw
FSN-0178,damilare.ibrahim0178@fairviewschoolng.com,hmJQRBscOfafoRRxNVGYQg
FSN-0179,chiamaka.obi0179@fairviewschoolng.com,DLO-93Sg0uF2288HLnWzxw
FSN-0180,yakubu.sani0180@fairviewschoolng.com,WCppoooEZMk_qBjbKge76g
FSN-0181,chiamaka.bello0181@fairviewschoolng.com,x3r21KkKBmdywVBFLVOJrg
FSN-0182,ifeoma.balogun0182@fairviewschoolng.com,2WLGYEvNz_6SrcHRUCIlcQ
FSN-0183,yakubu.ogunleye0183@fairviewschoolng.com,87vQnmMPI8smsgZCLMTIRQ
FSN-0184,kelechi.danjuma0184@fairviewschoolng.com,2BPufgFDjH5M_0bofWaxGw
FSN-0185,ronke.ojo0185@fairviewschoolng.com,HhS2HmPgcUJ0dqEQWjAWSA
FSN-0186,yetunde.ogunleye0186@fairviewschoolng.com,rSdIjLdQINxwTKW0BPgk2Q
FSN-0187,ayodele.ogunleye0187@fairviewschoolng.com,k5LdCAl7owxifdfcZ1h7Lg
FSN-0188,chiamaka.bakare0188@fairviewschoolng.com,fXQXg4dmhKTZeCTJQrwrWw
FSN-0189,nkechi.ibrahim0189@fairviewschoolng.com,wrfZNhH9xGVCBJMo7NeDsg
FSN-0190,obinna.ogunleye0190@fairviewschoolng.com,JpIdAgNLrkHUvEaxR3RDBg
FSN-0191,chukwudi.suleiman0191@fairviewschoolng.com,k-NAbvjm2rbf1UbOdB-pJw
FSN-0192,funke.musa0192@fairviewschoolng.com,e2ELy-2znoyWd-kR3yO6PQ
FSN-0193,ibrahim.obi0193@fairviewschoolng.com,yWf6SdXPpMGfYTt2cd4FEQ
FSN-0194,damilare.adeleke0194@fairviewschoolng.com,I2oI3DU9XShLT3oqonXmZw
FSN-0195,segun.adeyemi0195@fairviewschoolng.com,j2z1ChDpBHjPi5WwKEQyyA
FSN-0196,zainab.musa0196@fairviewschoolng.com,8pQMoNwv3SUO6-f_NdUTew
FSN-0197,zainab.nwachukwu0197@fairviewschoolng.com,jwQtjbNDh0GqTOGc16JGig
FSN-0198,uche.yusuf0198@fairviewschoolng.com,goUWhsSUCDE5q-ltBJM5uw
FSN-0199,olumide.yusuf0199@fairviewschoolng.com,hIUxviK2BTniigqw12FM7Q
FSN-0200,amaka.okafor0200@fairviewschoolng.com,I5l3ROHGKZsICW5o8HyYiQ
FSN-0201,aisha.ezenwa0201@fairviewschoolng.com,UWMy6Pn2pdVlVBnYUSDuQw
FSN-0202,yetunde.okoro0202@fairviewschoolng.com,DgHVOGig7yXJXBJRlsGkYQ
FSN-0203,ayodele.suleiman0203@fairviewschoolng.com,UmWLCZ2meaDm4VHqJIBExA
FSN-0204,zainab.ibrahim0204@fairviewschoolng.com,iqrWymlBLjgFkVxgapwWXQ
FSN-0205,damilare.musa0205@fairviewschoolng.com,bon1B7IEgFIX8-We68TDCQ
FSN-0206,halima.bakare0206@fairviewschoolng.com,KbXTaMX7OS9zfb88uRS_vg
FSN-0207,fatima.ojo0207@fairviewschoolng.com,ZkUJfakXukkD5OeLZ5OW3A
FSN-0208,damilare.abubakar0208@fairviewschoolng.com,qpkues_GP_euG9D5JbKhLg
FSN-0209,tunde.nwosu0209@fairviewschoolng.com,9bL2AjvkG720mOiZnUlDOg
FSN-0210,fatima.ezenwa0210@fairviewschoolng.com,_8dM3fybiPuCTOtSDHilig
FSN-0211,halima.nwachukwu0211@fairviewschoolng.com,ihUnSfIXVOtWX0O8qqBgyw
FSN-0212,aisha.musa0212@fairviewschoolng.com,dZ3_8jKR1EilN4iYAFmSxw
FSN-0213,kelechi.musa0213@fairviewschoolng.com,6m4CJxmNSP--OUHGVim90Q
FSN-0214,aisha.adebayo0214@fairviewschoolng.com,A9y2wnDS_L-n-j1urOQoCg
FSN-0215,adaeze.bakare0215@fairviewschoolng.com,hxd7VNdOW7-fGtPum90_Qw
FSN-0216,ayodele.okeke0216@fairviewschoolng.com,XHpk2DIM20ykQ7ubj01_ig
FSN-0217,aliyu.suleiman0217@fairviewschoolng.com,0bP8TjTVwVe1WqEGalMPpg
FSN-0218,emeka.sani0218@fairviewschoolng.com,z6qyfQ3Y09vV1vGupPtKSw
FSN-0219,femi.eze0219@fairviewschoolng.com,sa7L6P45fmJGV14kfuHc0A
FSN-0220,ikenna.obi0220@fairviewschoolng.com,Fk4oopYIJoGtJYdIpIgeXw
FSN-0221,ibrahim.ibrahim0221@fairviewschoolng.com,LeyZgh1u0QzoLWS6nW5V5A
FSN-0222,olumide.eze0222@fairviewschoolng.com,vplAPJfmQAB93O0y_gcj1w
FSN-0223,adaeze.sani0223@fairviewschoolng.com,bMpQ5DGtx4qoLuSERm9E2g
FSN-0224,halima.ojo0224@fairviewschoolng.com,pLCx0BSmB1x6Me3vOlEgVg
FSN-0225,kunle.chukwu0225@fairviewschoolng.com,Gj6WJgpH0bgxfKIlIBqVSg
FSN-0226,olumide.okeke0226@fairviewschoolng.com,McMI9GKElRXAV3xzrC9_tA
FSN-0227,ndidi.danjuma0227@fairviewschoolng.com,M83I8JT0C112UDnBcHuJUw
FSN-0228,aisha.adeleke0228@fairviewschoolng.com,uDmyEtpM22Yp0FWs5qnYpg
FSN-0229,tunde.abubakar0229@fairviewschoolng.com,xR1UpRkCRdouL7LrL7F0xg
FSN-0230,yakubu.adeleke0230@fairviewschoolng.com,qoCXg_m6_bAYQKOvEGt8ww
FSN-0231,rukayat.umeh0231@fairviewschoolng.com,sTFnobt4llbIoKcYq_OaoA
FSN-0232,olumide.umeh0232@fairviewschoolng.com,ghkdfZ7zGpRGmNe9AcbS3A
FSN-0233,aliyu.balogun0233@fairviewschoolng.com,1lKwzC4raW5hVUa9Aa7DVA
FSN-0234,chidinma.adeyemi0234@fairviewschoolng.com,bEg-zw2fxSIsY6UlUPa56w
FSN-0235,amaka.ezenwa0235@fairviewschoolng.com,8ACTLVkr3n0wqHKlkJISmg
FSN-0236,adaora.uzoma0236@fairviewschoolng.com,69RiQa0uH7BPk3sOfmgkwg
FSN-0237,chidinma.nwosu0237@fairviewschoolng.com,lJhhU6WLPHewsZq779DdRA
FSN-0238,fatima.nnamdi0238@fairviewschoolng.com,VXq-eiRWx9IgAKXaWa698w
FSN-0239,chibuike.nwosu0239@fairviewschoolng.com,sE5RP_sdn1ZuPkOyze0Tgw
FSN-0240,rukayat.umeh0240@fairviewschoolng.com,c7YQYvwJ9J-rvHHSfRJSYA
FSN-0241,ronke.nnamdi0241@fairviewschoolng.com,GMLqyt65GMrIbxIK6bIGIg
FSN-0242,funke.ezenwa0242@fairviewschoolng.com,64nxXFoF3OgA9A2MNcWG5Q
FSN-0243,tunde.adebayo0243@fairviewschoolng.com,V5oMmc2QbG735gDwWgzFXw
FSN-0244,chiamaka.sani0244@fairviewschoolng.com,ZpfqfGJEEuUCXfieZpPGgA
FSN-0245,ndidi.ojo0245@fairviewschoolng.com,mO1YyJwxisKqLRPAVpujvw
FSN-0246,funke.okeke0246@fairviewschoolng.com,VpiRKpAvGo3sqzweo62_Cg
FSN-0247,funke.bello0247@fairviewschoolng.com,MEx9z1DwJDvB-UnuFrFS5Q
FSN-0248,ngozi.okafor0248@fairviewschoolng.com,BhgnUjcET1UYofBugcUThQ
FSN-0249,funke.adebayo0249@fairviewschoolng.com,j_BsBc45r7LWfRtdLCl2vQ
FSN-0250,yetunde.okeke0250@fairviewschoolng.com,fYBhl_H_PUvL08F2LJLz3Q
FSN-0251,tunde.suleiman0251@fairviewschoolng.com,JIhkA3a0RLljyy3eUak6TQ
FSN-0252,adaora.balogun0252@fairviewschoolng.com,BCN1AkI1nGQ7kxYyM34IPA
FSN-0253,ayodele.nwosu0253@fairviewschoolng.com,jjgxMWas-Pq4gPxxVTu2jg
FSN-0254,ronke.umeh0254@fairviewschoolng.com,GgFZ-m-1qpsF4n3gRaslIg
FSN-0255,tunde.chukwu0255@fairviewschoolng.com,O5KJV_v_cLJjqEOlfj-YXw
FSN-0256,damilare.adeleke0256@fairviewschoolng.com,E6_SxWv0FAsQuDuO7XMQ7w
FSN-0257,chukwudi.danjuma0257@fairviewschoolng.com,SKqAv4J7tQ-Rr_NH08zkuA
FSN-0258,adaora.balogun0258@fairviewschoolng.com,NhWh4CJuDK77GCByfP-Alw
FSN-0259,zainab.okoro0259@fairviewschoolng.com,pPrIZyWll31o4LsC4kwFpA
FSN-0260,chidinma.adeleke0260@fairviewschoolng.com,BxpMweWyjtekh0GVdDOO0g
FSN-0261,adaeze.chukwu0261@fairviewschoolng.com,A7zSZ_y4mBMmpni8Md7KMQ
FSN-0262,chiamaka.uzoma0262@fairviewschoolng.com,0ivvuAVSu0mNr4vdXUNfng
FSN-0263,musa.uzoma0263@fairviewschoolng.com,CbEAqUyyaf_2WQ1LcT7GZA
FSN-0264,segun.eze0264@fairviewschoolng.com,5IsWMUSMxJuL87vkRnx--w
FSN-0265,adaeze.okoro0265@fairviewschoolng.com,qc-O6QO-0tXGfM5yyp1Yhw
FSN-0266,grace.bakare0266@fairviewschoolng.com,vD0_65lOVUWXxl33v2KqzQ
FSN-0267,chukwudi.suleiman0267@fairviewschoolng.com,k8lpXZxjWioRPwP3yFfpgA
FSN-0268,halima.chukwu0268@fairviewschoolng.com,zL0_flhhWuaO3Q5WBHAjsw
FSN-0269,suleiman.obi0269@fairviewschoolng.com,-vW7sFtrju_8aA6Mtu8rUw
FSN-0270,ifeoma.nwachukwu0270@fairviewschoolng.com,_Qv9rZsk3Gaw6MQuFcc9fA
FSN-0271,fatima.nwosu0271@fairviewschoolng.com,Vb9dbwvs6JqgtcWE8qILHQ
FSN-0272,grace.ezenwa0272@fairviewschoolng.com,y2PYsEv6VIPS24MG6TAFBg
FSN-0273,olumide.chukwu0273@fairviewschoolng.com,T72FJoo2AsGBFp3bIh3hBg
FSN-0274,adaora.ogunleye0274@fairviewschoolng.com,6Ns2MU_pUYHeJrtkPy6oPw
FSN-0275,halima.nwachukwu0275@fairviewschoolng.com,raY1euZpUuqrPRmA8GtmhA
FSN-0276,adaora.uzoma0276@fairviewschoolng.com,V-Uj-W29WlQFqGKx2mTESw
FSN-0277,damilare.ibrahim0277@fairviewschoolng.com,jw-bL5hrrAznMk5U6XNNvQ
FSN-0278,olumide.nwosu0278@fairviewschoolng.com,AlHEZshGHNqA_G7IjMkg7w
FSN-0279,ibrahim.obi0279@fairviewschoolng.com,MVzSNHKm5YQqia56LwEsMA
FSN-0280,blessing.suleiman0280@fairviewschoolng.com,_XQYO3aHJ1paAHRjwFajPQ
FSN-0281,suleiman.sani0281@fairviewschoolng.com,vT5Jc5XUFO5L_lUSTdryng
FSN-0282,rukayat.ojo0282@fairviewschoolng.com,GQT49RKtXLcaxo_bMEjvDA
FSN-0283,chibuike.yusuf0283@fairviewschoolng.com,tCjsw2QV1fO2O0yqgiabNg
FSN-0284,ronke.chukwu0284@fairviewschoolng.com,I1F1vX7xKf45ensqkUPJWA
FSN-0285,bimpe.abubakar0285@fairviewschoolng.com,48hY9JwODfVgMYkbYxqEMg
FSN-0286,ikenna.okoro0286@fairviewschoolng.com,Vxjd15EQh24FwwO0Zc7jnA
FSN-0287,segun.nwosu0287@fairviewschoolng.com,9bmlxmX8v1Rbnl3eaURXqQ
FSN-0288,obinna.danjuma0288@fairviewschoolng.com,yDKNdd4gmIxQkyYewLrHHg
FSN-0289,kunle.suleiman0289@fairviewschoolng.com,5kFnuBIdl1kzVb3gndU9wg
FSN-0290,suleiman.adeyemi0290@fairviewschoolng.com,a-HVSXTwE_McDQC_hS7NQw
FSN-0291,chinedu.nnamdi0291@fairviewschoolng.com,ffSGTmjXX4SljLYLVziieA
FSN-0292,rukayat.ibrahim0292@fairviewschoolng.com,Zvi-smDJwVK6QfM7HNvuhg
FSN-0293,ifeoma.suleiman0293@fairviewschoolng.com,PHd7OIw5KnXcodkPAVEgUg
FSN-0294,bimpe.adeleke0294@fairviewschoolng.com,XHe7tqThh_hWFBD1NWKpdQ
FSN-0295,blessing.danjuma0295@fairviewschoolng.com,b77WxvbQD4ubAcDLcNLehQ
FSN-0296,obinna.umeh0296@fairviewschoolng.com,t7bDzdqgLzcIWaVmd82k8Q
FSN-0297,uche.uzoma0297@fairviewschoolng.com,KdIOl0tzmb0PoiBvet_rEA
FSN-0298,ibrahim.chukwuemeka0298@fairviewschoolng.com,ojXJ2wUh0rTcBmskjKnmFw
FSN-0299,fatima.adeyemi0299@fairviewschoolng.com,ue2gQj3j0SG6MFOovU1jIQ
FSN-0300,kunle.umeh0300@fairviewschoolng.com,3bnv3x-fkReWbv2Z5P4vcw
FSN-0301,rukayat.okoro0301@fairviewschoolng.com,rJzn6lxZ6_bjJnYSGJT57w
FSN-0302,ronke.uzoma0302@fairviewschoolng.com,3yXBv3-gdWm3UWyrlEZp0Q
FSN-0303,bimpe.adeleke0303@fairviewschoolng.com,NHAyvMyFbTyV1cQXbpZt3Q
FSN-0304,adaeze.okonkwo0304@fairviewschoolng.com,Hgjrw5O0xZlYtW7dHIrdIQ
FSN-0305,ronke.adeyemi0305@fairviewschoolng.com,xud6hP5zCJ6NguYPHpNlpQ
FSN-0306,uche.okoro0306@fairviewschoolng.com,uqz78q9tNx75ixqZBg4sJA
FSN-0307,rukayat.adebayo0307@fairviewschoolng.com,F3zZ08m3z1aXp8iG4BZ19w
FSN-0308,tunde.suleiman0308@fairviewschoolng.com,1H8o_rdlnbka2ur9nSC5mA
FSN-0309,obinna.abubakar0309@fairviewschoolng.com,coeMA5ppBeYcyW98DiFocw
FSN-0310,kunle.ibrahim0310@fairviewschoolng.com,XXV7wZ2qqPOY0HH6LhFL5g
FSN-0311,adaeze.bello0311@fairviewschoolng.com,WbDd4ZG7NMb_TuG9bRqWkQ
FSN-0312,adaora.adeyemi0312@fairviewschoolng.com,-kzW_XzPEK5sB2AYgv0fUA
FSN-0313,chidinma.nnamdi0313@fairviewschoolng.com,kxI3sOCk79tpKKREdD2a0w
FSN-0314,funke.danjuma0314@fairviewschoolng.com,FbPPCqp00u27cUVHLdtkcQ
FSN-0315,kunle.musa0315@fairviewschoolng.com,tcE3srvY9DY5T16DkajEzg
FSN-0316,adaora.chukwu0316@fairviewschoolng.com,EgcUeTHjezpXoguwUTjhtQ
FSN-0317,yetunde.nwachukwu0317@fairviewschoolng.com,yYC2zu9A1O4G_-zs_5qEDA
FSN-0318,blessing.musa0318@fairviewschoolng.com,Ao5sn5www72l-sV2zhBvOA
FSN-0319,funke.uzoma0319@fairviewschoolng.com,1aUKW1ZY5YhcTjom4KMnWg
FSN-0320,nkechi.bakare0320@fairviewschoolng.com,CrRZ4MDZPq_TEDUgUE-1vw
FSN-0321,suleiman.ogunleye0321@fairviewschoolng.com,azpSwuBaCy2UlyAg9fegNw
FSN-0322,ifeoma.eze0322@fairviewschoolng.com,VPr7Fb8F6WdyV-jthT6MEQ
FSN-0323,rukayat.sani0323@fairviewschoolng.com,EPlxku4tEoXVJvyaZ7AeVA
FSN-0324,ronke.sani0324@fairviewschoolng.com,7B5a55bjJ2V49HrGp75NWQ
FSN-0325,segun.adebayo0325@fairviewschoolng.com,Tht3btN5rYpZyyk2ByQtkw
FSN-0326,chukwudi.ogunleye0326@fairviewschoolng.com,92zk_VhMZcfGcWbwyW9OYw
FSN-0327,grace.okeke0327@fairviewschoolng.com,zYg4JzORY2v7KUnt88YXOA
FSN-0328,kunle.chukwu0328@fairviewschoolng.com,_ZvTqQ5y7IIHBzujX5EDdA
FSN-0329,suleiman.nnamdi0329@fairviewschoolng.com,WgeOuA4nSXrjlwKOp26tsQ
FSN-0330,femi.bakare0330@fairviewschoolng.com,oy7POBva0osyROxhyfw_0A
FSN-0331,kelechi.uzoma0331@fairviewschoolng.com,dRjkGmpoHBw7Ja7npTZfrg
FSN-0332,ayodele.chukwuemeka0332@fairviewschoolng.com,jDr2rsWMrpDUK0UTq8ANvg
FSN-0333,nkechi.adeleke0333@fairviewschoolng.com,mTSuV0xUEY6TeUjGlny90Q
FSN-0334,zainab.bakare0334@fairviewschoolng.com,DzDVQ_dBMrAIvROoimLM4g
FSN-0335,adaora.suleiman0335@fairviewschoolng.com,fGaJ9t5WFjgWGjOwuP20BA
FSN-0336,yetunde.obi0336@fairviewschoolng.com,NZVxDpvZrtKZzW_9SgX3wQ
FSN-0337,ngozi.chukwuemeka0337@fairviewschoolng.com,r7IKLDGVRomuUEAX8nh6bA
FSN-0338,tunde.adebayo0338@fairviewschoolng.com,zpXQ3fTktZ7OhItwKmVDlA
FSN-0339,funke.chukwuemeka0339@fairviewschoolng.com,hkMUb7qke8TFfYWoYpmM-g
FSN-0340,amaka.chukwu0340@fairviewschoolng.com,XQrxrNN7KbAdOrlht4_iEA
FSN-0341,ndidi.abubakar0341@fairviewschoolng.com,4JwJ6Jdn_eJTk7OkdXcxjg
FSN-0342,fatima.ogunleye0342@fairviewschoolng.com,hpXDM-XoWOlQ54p86JaXfw
FSN-0343,chidinma.musa0343@fairviewschoolng.com,AAlTw7-6TH75Mjuq8sYjvA
FSN-0344,ronke.chukwuemeka0344@fairviewschoolng.com,6BhIFnUD73wBqdd7QkI_AQ
FSN-0345,ngozi.adeleke0345@fairviewschoolng.com,AAQQ6D3OHpzasiWc8bV8mQ
FSN-0346,olumide.yusuf0346@fairviewschoolng.com,YUUVLjwrGsowvkqA_J5X9g
FSN-0347,uche.nwachukwu0347@fairviewschoolng.com,otlRsRd1N0TXA0NTzMyBog
FSN-0348,adaora.adeleke0348@fairviewschoolng.com,5IdrguxoFBZl7rnITVgELw
FSN-0349,aisha.danjuma0349@fairviewschoolng.com,klCxoxHpuawAzFP6if7w0Q
FSN-0350,ayodele.nwachukwu0350@fairviewschoolng.com,OmsJFpamCUCYvIk7if7pEQ
FSN-0351,chibuike.abubakar0351@fairviewschoolng.com,M8RhMEwzuAy6iAucXzlxow
FSN-0352,grace.ezenwa0352@fairviewschoolng.com,dAeKGhqjY4AT5YjClFz8iQ
FSN-0353,grace.okonkwo0353@fairviewschoolng.com,m2CXfn_s8r97R4Uca4Mf3w
FSN-0354,amaka.okoro0354@fairviewschoolng.com,XMhFfBEuOv0YYcaHQeLkRQ
FSN-0355,uche.ezenwa0355@fairviewschoolng.com,IvHJunwuHrIm2oceU-XQug
FSN-0356,tunde.ibrahim0356@fairviewschoolng.com,BE-OjwRJSj7BHxED2pSWjA
FSN-0357,funke.ojo0357@fairviewschoolng.com,mwRw6E_szm-m_-G4EjQ91A
FSN-0358,blessing.ezenwa0358@fairviewschoolng.com,J6AhtOJbFRDEpb9sydTIcA
FSN-0359,yetunde.yusuf0359@fairviewschoolng.com,gEwRkzCpICTeWNKyx19yqg
FSN-0360,adaora.ezenwa0360@fairviewschoolng.com,91eTeug3LWHKxbdRte669A
FSN-0361,ikenna.adeyemi0361@fairviewschoolng.com,vmGUWLBRSGiSOj3Pbt3RJQ
FSN-0362,chukwudi.suleiman0362@fairviewschoolng.com,sbdksAWldoMsS--_jzHTTg
FSN-0363,uche.uzoma0363@fairviewschoolng.com,JhSnOcRUmmv6abU4qRD1Nw
FSN-0364,kelechi.bello0364@fairviewschoolng.com,Yj6R3MffVtdqMY73F7PkKg
FSN-0365,amaka.nwachukwu0365@fairviewschoolng.com,iTzk8hxs-5LmM4wEbvDWsA
FSN-0366,ifeoma.chukwu0366@fairviewschoolng.com,rBzp0RzdvSk48RcI5j4tAg
FSN-0367,chidinma.nnamdi0367@fairviewschoolng.com,eg_1o68vYmSpixrXxC3G3A
FSN-0368,femi.okonkwo0368@fairviewschoolng.com,KDm7cMtA3I442bGqKMDSfA
FSN-0369,ndidi.danjuma0369@fairviewschoolng.com,xJo399ebGCp6w3eyKu-c7w
FSN-0370,kunle.bello0370@fairviewschoolng.com,SuxdZ6ESxqDxvFIb1QwWfg
FSN-0371,ikenna.ezenwa0371@fairviewschoolng.com,MGXWTta2dO-QMUruSQ9yJA
FSN-0372,rukayat.danjuma0372@fairviewschoolng.com,-6pD8VrlvbznKyUrUv7iNQ
FSN-0373,ayodele.chukwuemeka0373@fairviewschoolng.com,Sy6AGpdJorLDfrFxv71aGw
FSN-0374,femi.ogunleye0374@fairviewschoolng.com,ETuU3bN0H4QX8qAb86pp5g
FSN-0375,ronke.adebayo0375@fairviewschoolng.com,Vm1BGkWffBXIZNaKyq57XQ
FSN-0376,kelechi.lawal0376@fairviewschoolng.com,yUXlDhsP-KJfy2vEqce7oQ
FSN-0377,yetunde.bello0377@fairviewschoolng.com,0363tciBP_8vyuf688iuIw
FSN-0378,kelechi.okafor0378@fairviewschoolng.com,vmiiyeZ0n_CFhm73DgFejg
FSN-0379,zainab.adeleke0379@fairviewschoolng.com,94NZQ8njugmXlnoVtvb1cw
FSN-0380,ronke.ezenwa0380@fairviewschoolng.com,gp0tOPK_ltiocmeH2FVm0g
FSN-0381,ngozi.yusuf0381@fairviewschoolng.com,mnqEHL3enMl8NrnECy-NSA
FSN-0382,grace.suleiman0382@fairviewschoolng.com,jnnyC1ybEmmurZT38JD-iA
FSN-0383,ndidi.okafor0383@fairviewschoolng.com,lqPYu3XG6LcEAiFXjKYIIg
FSN-0384,bimpe.okeke0384@fairviewschoolng.com,uU526sqdGdKoKGX3T64k8A
FSN-0385,adaeze.okeke0385@fairviewschoolng.com,AtUQh2cSQ2uMKVH-4MZjoA
FSN-0386,ikenna.okoro0386@fairviewschoolng.com,IZQ_3g3Nx_OZx62dwRdY_w
FSN-0387,bimpe.sani0387@fairviewschoolng.com,y1nkqkVgM_miDe88IjTsxA
FSN-0388,ikenna.umeh0388@fairviewschoolng.com,1qs73DoMV2HKJTaOmL6Nqw
FSN-0389,chiamaka.nwosu0389@fairviewschoolng.com,sAg9oe5VuwDWfiaa2VSfjw
FSN-0390,ikenna.adebayo0390@fairviewschoolng.com,lYQbqNLEwlv5J5z0cnM8yA
FSN-0391,yakubu.lawal0391@fairviewschoolng.com,kVGVh4dnGOKLNnCs4DbYDA
FSN-0392,chukwudi.umeh0392@fairviewschoolng.com,Wcrog5jFd6aNIoy9sm1Ggg
FSN-0393,ifeoma.abubakar0393@fairviewschoolng.com,oIkmUsadt8Yt9YN9qBV7sA
FSN-0394,fatima.adeyemi0394@fairviewschoolng.com,SJ7mzw9EzaHd3VUbh1Pfcw
FSN-0395,funke.okoro0395@fairviewschoolng.com,lI-6z78_4D0CBqtByZJetA
FSN-0396,halima.eze0396@fairviewschoolng.com,4dqrVxp2lNnt6ucTJRt5Kw
FSN-0397,suleiman.lawal0397@fairviewschoolng.com,KNAdFBIBY-726a0mPsWoKw
FSN-0398,nkechi.okonkwo0398@fairviewschoolng.com,xm6kE3fdXFi2PHYAp1AYsg
FSN-0399,halima.adebayo0399@fairviewschoolng.com,xRywroOP92FneL1a5J-P1g
FSN-0400,bimpe.okoro0400@fairviewschoolng.com,2Rm2KgkPJd3l4Qvsz5pfdg
FSN-0401,grace.ogunleye0401@fairviewschoolng.com,6vBIyq7Qdg0PEzauvViGSQ
FSN-0402,ibrahim.sani0402@fairviewschoolng.com,0c-MCcIRPSBNlR45GCnIDA
FSN-0403,damilare.ezenwa0403@fairviewschoolng.com,kP9z5T9nGA6p0yopQcvhtg
FSN-0404,blessing.umeh0404@fairviewschoolng.com,r-QX9-bwrSb8MEXu8PDRZg
FSN-0405,amaka.adebayo0405@fairviewschoolng.com,LNz2mjMHnc_8C4juWNZawA
FSN-0406,kelechi.okafor0406@fairviewschoolng.com,twQncvYVryHD5FLp3u3DFQ
FSN-0407,ndidi.yusuf0407@fairviewschoolng.com,xM4G6sCCS0Abq5BgBdtZ7w
FSN-0408,grace.danjuma0408@fairviewschoolng.com,x7j0T6llXzwzEDAnWtP_sA
FSN-0409,ayodele.okeke0409@fairviewschoolng.com,Z8wUQbD3w6C8-5zegwNepQ
FSN-0410,rukayat.suleiman0410@fairviewschoolng.com,78Tr9CRb-nVm1DBXeeWCJQ
FSN-0411,kelechi.chukwuemeka0411@fairviewschoolng.com,mIOIzATQQ0tVCLg-p9HGmA
FSN-0412,zainab.uzoma0412@fairviewschoolng.com,GhVOaN0aIjPXYqWBry_cag
FSN-0413,emeka.nwachukwu0413@fairviewschoolng.com,viQ-zyQmiEJn8XW3iMichw
FSN-0414,adaora.uzoma0414@fairviewschoolng.com,oLMB9ffKV4T6JzT0vCcWFQ
FSN-0415,femi.lawal0415@fairviewschoolng.com,kSAShWjymZGs_jJB4htHxA
FSN-0416,damilare.ogunleye0416@fairviewschoolng.com,RFqnSD61LLXIlX_WuxYwIA
FSN-0417,yetunde.nnamdi0417@fairviewschoolng.com,UKNjmkWpY-Q70QFmUFN8cA
FSN-0418,uche.nwosu0418@fairviewschoolng.com,yH4AtXMUU3tMYIg1Gk9qLQ
FSN-0419,ayodele.ojo0419@fairviewschoolng.com,dozyJZzitKXkrhleifkJ4A
FSN-0420,adaeze.nwachukwu0420@fairviewschoolng.com,6s0OQ2cbleJkHTmWEnMZRQ
FSN-0421,ngozi.ogunleye0421@fairviewschoolng.com,6KzwDJwyAshNpCWWjzPYiw
FSN-0422,chiamaka.ezenwa0422@fairviewschoolng.com,zDhaUXboIt09j0ARfuyq3w
FSN-0423,grace.danjuma0423@fairviewschoolng.com,CY4vSgs54W8N9sMhD660vA
FSN-0424,yetunde.lawal0424@fairviewschoolng.com,LAnqYrF9Ukn4SxsQskIWZQ
FSN-0425,ifeoma.yusuf0425@fairviewschoolng.com,wVc--u51Abj5B1gEVjBR5g
FSN-0426,ngozi.uzoma0426@fairviewschoolng.com,FoUlOL4nJHN8DDpbxmsEcQ
FSN-0427,blessing.danjuma0427@fairviewschoolng.com,5NnnV1ripvt4affxfy2YRw
FSN-0428,ikenna.okeke0428@fairviewschoolng.com,TSYgZawO7pXM45tAR701EA
FSN-0429,musa.suleiman0429@fairviewschoolng.com,R6dPB07jbepO84AnyrrNFA
FSN-0430,olumide.eze0430@fairviewschoolng.com,Pjw0SLmdagoyySrjTBnx5g
FSN-0431,suleiman.eze0431@fairviewschoolng.com,RsvpWxoQObIOJiXJkqquxg
FSN-0432,femi.musa0432@fairviewschoolng.com,Nu18lSw8h8UUn2q5cdxoHA
FSN-0433,ikenna.okeke0433@fairviewschoolng.com,sEVekQyl8NvhEqfaF9ss8w
FSN-0434,fatima.obi0434@fairviewschoolng.com,EOi-DqnnaMcx--ygh2OWAg
FSN-0435,halima.uzoma0435@fairviewschoolng.com,z8czqv--3-CEIqiOScvgcQ
FSN-0436,ibrahim.okeke0436@fairviewschoolng.com,z1YFWWV0YTgo4s1ZFLIPwA
FSN-0437,chiamaka.abubakar0437@fairviewschoolng.com,o0kQ1i-EIPZDq_CDBAW_sw
FSN-0438,amaka.bello0438@fairviewschoolng.com,0PRQd4BuuVcrZoq7GA9P6w
FSN-0439,ifeoma.obi0439@fairviewschoolng.com,Tzb_um_zJ6tMBWTu-zJ-6Q
FSN-0440,nkechi.uzoma0440@fairviewschoolng.com,ESnApzORlxWD361-Wu5cAw
FSN-0441,ayodele.ogunleye0441@fairviewschoolng.com,wtiVXyZDdyWQAJ7tEDUCDw
FSN-0442,nkechi.abubakar0442@fairviewschoolng.com,lsbRCzPDB53m0ji6Ru00qA
FSN-0443,kelechi.okonkwo0443@fairviewschoolng.com,nCsxOIxggSBxsFsFuBPi4Q
FSN-0444,ikenna.nwachukwu0444@fairviewschoolng.com,ZNMyHBtLaMlP8J_qT9T9UA
FSN-0445,ronke.nwosu0445@fairviewschoolng.com,Jf1BaGXVCsYe9XvWqa6onA
FSN-0446,emeka.ibrahim0446@fairviewschoolng.com,KWZkrOA8fifsktz3uM7n2Q
FSN-0447,zainab.danjuma0447@fairviewschoolng.com,aYTslfl2is6p6lxPWJbHPg
FSN-0448,ayodele.adeleke0448@fairviewschoolng.com,CHd7LTKKiUBjM6BwcnWuwQ
FSN-0449,blessing.lawal0449@fairviewschoolng.com,gdYmVYg_kkyVatHZz1lNBA
FSN-0450,musa.ojo0450@fairviewschoolng.com,owyiZtHz3SyjcLA4delcww
